time,open,high,low,close
2026-07-10T20:00:00+00:00,1.14295,1.14314,1.14104,1.1414
2026-07-13T00:00:00+00:00,1.14004,1.1408,1.13875,1.13955
2026-07-13T04:00:00+00:00,1.13956,1.14052,1.13845,1.14038
2026-07-13T08:00:00+00:00,1.14038,1.1446,1.13957,1.1436
2026-07-13T12:00:00+00:00,1.14361,1.14375,1.14204,1.14309
2026-07-13T16:00:00+00:00,1.14309,1.14334,1.13827,1.13888
2026-07-13T20:00:00+00:00,1.13888,1.13909,1.13774,1.13798
2026-07-14T00:00:00+00:00,1.13809,1.13896,1.13782,1.13848
2026-07-14T04:00:00+00:00,1.13847,1.13968,1.13845,1.1390500000000001
2026-07-14T08:00:00+00:00,1.1390500000000001,1.1406,1.1384,1.13996
2026-07-14T12:00:00+00:00,1.13996,1.14625,1.13897,1.14459
2026-07-14T16:00:00+00:00,1.1446,1.14591,1.14241,1.14317
2026-07-14T20:00:00+00:00,1.14318,1.14335,1.14161,1.14206
2026-07-15T00:00:00+00:00,1.14206,1.14343,1.14173,1.14331
2026-07-15T04:00:00+00:00,1.14329,1.14425,1.14323,1.1437
2026-07-15T08:00:00+00:00,1.14371,1.14438,1.14198,1.1424400000000001
2026-07-15T12:00:00+00:00,1.14245,1.14303,1.1406,1.14285
2026-07-15T16:00:00+00:00,1.14285,1.14423,1.14235,1.14422
2026-07-15T20:00:00+00:00,1.14422,1.1482700000000001,1.1442,1.1463
2026-07-16T00:00:00+00:00,1.1463,1.14747,1.14615,1.14738
2026-07-16T04:00:00+00:00,1.14737,1.14741,1.14601,1.14662
2026-07-16T08:00:00+00:00,1.14662,1.14765,1.14622,1.14659
2026-07-16T12:00:00+00:00,1.14659,1.1470799999999999,1.14469,1.14477
2026-07-16T16:00:00+00:00,1.14477,1.14593,1.1434199999999999,1.14349
2026-07-16T20:00:00+00:00,1.14349,1.14446,1.14311,1.14428
2026-07-17T00:00:00+00:00,1.14418,1.1447,1.14395,1.14468
2026-07-17T04:00:00+00:00,1.14468,1.14482,1.14345,1.1436
2026-07-17T08:00:00+00:00,1.14361,1.14523,1.14356,1.14413
2026-07-17T12:00:00+00:00,1.14413,1.14426,1.14245,1.14292
2026-07-17T16:00:00+00:00,1.14291,1.14446,1.1424400000000001,1.14383
2026-07-17T20:00:00+00:00,1.14384,1.14426,1.14333,1.14381
2026-07-20T00:00:00+00:00,1.14269,1.14337,1.14237,1.14334
2026-07-20T04:00:00+00:00,1.14334,1.14452,1.14314,1.14444
2026-07-20T08:00:00+00:00,1.14444,1.14497,1.14341,1.14391
2026-07-20T12:00:00+00:00,1.14391,1.14405,1.14169,1.14239
2026-07-20T16:00:00+00:00,1.14239,1.14248,1.14024,1.14115
2026-07-20T20:00:00+00:00,1.14115,1.1419,1.14112,1.14141
2026-07-21T00:00:00+00:00,1.14136,1.14185,1.14101,1.14134
2026-07-21T04:00:00+00:00,1.14134,1.14182,1.14089,1.1418
2026-07-21T08:00:00+00:00,1.1418,1.14277,1.14158,1.14209
2026-07-21T12:00:00+00:00,1.14209,1.14287,1.14133,1.14172
2026-07-21T16:00:00+00:00,1.14172,1.14196,1.14025,1.14082
2026-07-21T20:00:00+00:00,1.14082,1.14107,1.13972,1.13978
2026-07-22T00:00:00+00:00,1.13978,1.14073,1.13959,1.14039
2026-07-22T04:00:00+00:00,1.14039,1.14103,1.13986,1.14085
2026-07-22T08:00:00+00:00,1.14085,1.14185,1.14034,1.141
2026-07-22T12:00:00+00:00,1.14099,1.14139,1.14004,1.14078
2026-07-22T16:00:00+00:00,1.14078,1.14218,1.14062,1.14092
2026-07-22T20:00:00+00:00,1.14092,1.14128,1.1408,1.14117
2026-07-23T00:00:00+00:00,1.14108,1.14177,1.14036,1.14174
2026-07-23T04:00:00+00:00,1.14174,1.14358,1.1416,1.14326
2026-07-23T08:00:00+00:00,1.14326,1.14351,1.1407,1.14105
2026-07-23T12:00:00+00:00,1.14105,1.14154,1.13757,1.13852
2026-07-23T16:00:00+00:00,1.13851,1.13864,1.13639,1.138
2026-07-23T20:00:00+00:00,1.138,1.13811,1.13711,1.13769
2026-07-24T00:00:00+00:00,1.1375,1.13842,1.1373,1.13842
2026-07-24T04:00:00+00:00,1.13842,1.13877,1.13767,1.13792
2026-07-24T08:00:00+00:00,1.13791,1.14011,1.13764,1.13835
2026-07-24T12:00:00+00:00,1.13835,1.13931,1.13674,1.13703
2026-07-24T16:00:00+00:00,1.13682,1.13908,1.13648,1.13778
2026-07-24T20:00:00+00:00,1.13778,1.1378,1.13669,1.13705
2026-07-27T00:00:00+00:00,1.13885,1.14131,1.1388,1.14017
2026-07-27T04:00:00+00:00,1.14017,1.14145,1.14012,1.14035
2026-07-27T08:00:00+00:00,1.14036,1.14185,1.13947,1.14022
2026-07-27T12:00:00+00:00,1.14021,1.14035,1.13763,1.13834
2026-07-27T16:00:00+00:00,1.13834,1.13867,1.13683,1.13798
2026-07-27T20:00:00+00:00,1.13798,1.13798,1.13669,1.13673
2026-07-28T00:00:00+00:00,1.13675,1.13753,1.13665,1.13744
2026-07-28T04:00:00+00:00,1.13743,1.13803,1.1368,1.13686
2026-07-28T08:00:00+00:00,1.13686,1.13736,1.13617,1.13727
2026-07-28T12:00:00+00:00,1.13725,1.1373199999999999,1.13533,1.13659
2026-07-28T16:00:00+00:00,1.13658,1.14053,1.13658,1.13959
2026-07-28T20:00:00+00:00,1.13959,1.13981,1.1385399999999999,1.13862
2026-07-29T00:00:00+00:00,1.13862,1.13938,1.13822,1.13911
2026-07-29T04:00:00+00:00,1.1391,1.14038,1.1385399999999999,1.1401
2026-07-29T08:00:00+00:00,1.1401,1.14031,1.13899,1.13964
2026-07-29T12:00:00+00:00,1.13965,1.13971,1.13746,1.13784
2026-07-29T16:00:00+00:00,1.13784,1.13971,1.13765,1.13851
2026-07-29T20:00:00+00:00,1.1385,1.1471,1.13845,1.1468
2026-07-30T00:00:00+00:00,1.14653,1.14751,1.14558,1.1458
2026-07-30T04:00:00+00:00,1.1458,1.14613,1.14477,1.1451
2026-07-30T08:00:00+00:00,1.14509,1.14568,1.14343,1.14485
2026-07-30T12:00:00+00:00,1.14485,1.14843,1.14481,1.14726
2026-07-30T16:00:00+00:00,1.14726,1.15372,1.14695,1.15288
2026-07-30T20:00:00+00:00,1.15288,1.15358,1.15137,1.15283
2026-07-31T00:00:00+00:00,1.15283,1.1531500000000001,1.15153,1.15178
2026-07-31T04:00:00+00:00,1.15177,1.15216,1.15043,1.15085
2026-07-31T08:00:00+00:00,1.15085,1.1526399999999999,1.15044,1.15216
2026-07-31T12:00:00+00:00,1.15216,1.1525,1.14813,1.14884
2026-07-31T16:00:00+00:00,1.14884,1.1519300000000001,1.14552,1.15172
2026-07-31T20:00:00+00:00,1.15172,1.15472,1.1516899999999999,1.15267
2026-08-03T00:00:00+00:00,1.15446,1.1559,1.1535,1.15425
2026-08-03T04:00:00+00:00,1.15425,1.15461,1.15269,1.15343
2026-08-03T08:00:00+00:00,1.15343,1.15389,1.15208,1.15227
2026-08-03T12:00:00+00:00,1.15227,1.1535199999999999,1.1516899999999999,1.1528
2026-08-03T16:00:00+00:00,1.1528,1.15353,1.15004,1.15069
2026-08-03T20:00:00+00:00,1.15069,1.15148,1.15013,1.15084
2026-08-04T00:00:00+00:00,1.15075,1.15152,1.15048,1.15057
2026-08-04T04:00:00+00:00,1.15057,1.15147,1.15022,1.15104
2026-08-04T08:00:00+00:00,1.15104,1.15172,1.1503700000000001,1.15079
2026-08-04T12:00:00+00:00,1.15078,1.15236,1.15034,1.15148
2026-08-04T16:00:00+00:00,1.15148,1.15309,1.15093,1.15186
2026-08-04T20:00:00+00:00,1.15186,1.1534,1.15186,1.1532
2026-08-05T00:00:00+00:00,1.1532,1.15356,1.15269,1.1531500000000001
2026-08-05T04:00:00+00:00,1.1531500000000001,1.15407,1.15267,1.15362
2026-08-05T08:00:00+00:00,1.15362,1.15469,1.15311,1.15357
2026-08-05T12:00:00+00:00,1.15357,1.15573,1.15335,1.15458
2026-08-05T16:00:00+00:00,1.15458,1.1556899999999999,1.154,1.15459
2026-08-05T20:00:00+00:00,1.15459,1.1559599999999999,1.15427,1.1553200000000001
2026-08-06T00:00:00+00:00,1.1553200000000001,1.15598,1.15509,1.15566
2026-08-06T04:00:00+00:00,1.15566,1.15581,1.15468,1.15491
2026-08-06T08:00:00+00:00,1.15492,1.15516,1.15389,1.15432
2026-08-06T12:00:00+00:00,1.15432,1.1547,1.15364,1.15385
2026-08-06T16:00:00+00:00,1.15385,1.15451,1.15147,1.15206
2026-08-06T20:00:00+00:00,1.15207,1.15258,1.15172,1.15237
2026-08-07T00:00:00+00:00,1.15237,1.15253,1.1518,1.15191
2026-08-07T04:00:00+00:00,1.15191,1.15258,1.15184,1.15234
2026-08-07T08:00:00+00:00,1.15234,1.15255,1.15177,1.15236
2026-08-07T12:00:00+00:00,1.15235,1.15794,1.1522999999999999,1.1575199999999999
2026-08-07T16:00:00+00:00,1.1575199999999999,1.1576,1.15501,1.1559
2026-08-07T20:00:00+00:00,1.1559,1.15702,1.15555,1.15571
2026-08-10T00:00:00+00:00,1.1562000000000001,1.15672,1.1554,1.15583
2026-08-10T04:00:00+00:00,1.15583,1.15591,1.1548,1.15515
2026-08-10T08:00:00+00:00,1.15515,1.15658,1.155,1.1561
2026-08-10T12:00:00+00:00,1.1561,1.15638,1.15453,1.1547
2026-08-10T16:00:00+00:00,1.1547,1.15558,1.15438,1.15472
2026-08-10T20:00:00+00:00,1.15472,1.15478,1.154,1.15424
2026-08-11T00:00:00+00:00,1.15427,1.15499,1.15411,1.15462
2026-08-11T04:00:00+00:00,1.15463,1.15499,1.15387,1.15428
2026-08-11T08:00:00+00:00,1.15429,1.15435,1.15313,1.15363
2026-08-11T12:00:00+00:00,1.15363,1.15443,1.15328,1.15415
2026-08-11T16:00:00+00:00,1.15415,1.15485,1.15364,1.15395
2026-08-11T20:00:00+00:00,1.15395,1.15439,1.15343,1.1542
2026-08-12T00:00:00+00:00,1.1540300000000001,1.15448,1.15382,1.15409
2026-08-12T04:00:00+00:00,1.15409,1.1541,1.15328,1.15357
2026-08-12T08:00:00+00:00,1.15357,1.15401,1.15321,1.15373
2026-08-12T12:00:00+00:00,1.15373,1.15631,1.15324,1.15594
2026-08-12T16:00:00+00:00,1.15594,1.15629,1.15245,1.1528100000000001
2026-08-12T20:00:00+00:00,1.1528100000000001,1.15308,1.15198,1.15247
2026-08-13T00:00:00+00:00,1.1524,1.15314,1.15216,1.15289
2026-08-13T04:00:00+00:00,1.15288,1.15311,1.15197,1.15259
2026-08-13T08:00:00+00:00,1.15259,1.15286,1.15118,1.15241
2026-08-13T12:00:00+00:00,1.15241,1.15445,1.15232,1.15441
2026-08-13T16:00:00+00:00,1.15441,1.15456,1.15243,1.15294
2026-08-13T20:00:00+00:00,1.15295,1.15323,1.15258,1.15288
2026-08-14T00:00:00+00:00,1.15288,1.15394,1.15247,1.15384
2026-08-14T04:00:00+00:00,1.15384,1.15405,1.1532,1.15387
2026-08-14T08:00:00+00:00,1.15387,1.15578,1.15382,1.15558
2026-08-14T12:00:00+00:00,1.15558,1.15786,1.1551,1.1566
2026-08-14T16:00:00+00:00,1.1566,1.15854,1.15621,1.15711
2026-08-14T20:00:00+00:00,1.15711,1.15714,1.15629,1.15704
2026-08-17T00:00:00+00:00,1.15619,1.1581,1.15614,1.15801
2026-08-17T04:00:00+00:00,1.15802,1.15881,1.15781,1.1584699999999999
2026-08-17T08:00:00+00:00,1.1584699999999999,1.16141,1.15827,1.15988
2026-08-17T12:00:00+00:00,1.15988,1.16024,1.15871,1.15975
2026-08-17T16:00:00+00:00,1.15975,1.15998,1.15817,1.15884
2026-08-17T20:00:00+00:00,1.15884,1.15897,1.15709,1.15788
2026-08-18T00:00:00+00:00,1.15819,1.15859,1.15772,1.15824
2026-08-18T04:00:00+00:00,1.15824,1.15858,1.15698,1.1571500000000001
2026-08-18T08:00:00+00:00,1.1571500000000001,1.1577600000000001,1.15666,1.15762
2026-08-18T12:00:00+00:00,1.15761,1.15799,1.15716,1.1574200000000001
2026-08-18T16:00:00+00:00,1.1574200000000001,1.15884,1.15707,1.15795
2026-08-18T20:00:00+00:00,1.15796,1.15809,1.1571799999999999,1.15748
2026-08-19T00:00:00+00:00,1.15748,1.15817,1.15734,1.15741
2026-08-19T04:00:00+00:00,1.1574200000000001,1.15872,1.15701,1.15857
2026-08-19T08:00:00+00:00,1.15857,1.16054,1.15845,1.15981
2026-08-19T12:00:00+00:00,1.15981,1.16435,1.15964,1.16357
2026-08-19T16:00:00+00:00,1.16357,1.16772,1.16355,1.16684
2026-08-19T20:00:00+00:00,1.16684,1.16792,1.16585,1.16771
2026-08-20T00:00:00+00:00,1.16771,1.16804,1.16723,1.16744
2026-08-20T04:00:00+00:00,1.16744,1.16839,1.167,1.16729
2026-08-20T08:00:00+00:00,1.16729,1.16998,1.16702,1.16985
2026-08-20T12:00:00+00:00,1.16986,1.17106,1.16778,1.16886
2026-08-20T16:00:00+00:00,1.16886,1.16947,1.16692,1.16732
2026-08-20T20:00:00+00:00,1.16732,1.16798,1.167,1.16781
2026-08-21T00:00:00+00:00,1.16781,1.16897,1.16765,1.16832
2026-08-21T04:00:00+00:00,1.16832,1.17009,1.16829,1.16931
2026-08-21T08:00:00+00:00,1.16931,1.17064,1.16867,1.17052
2026-08-21T12:00:00+00:00,1.17052,1.17115,1.16851,1.16905
2026-08-21T16:00:00+00:00,1.16905,1.16912,1.16688,1.16817
