symbol,window,time,agent,pattern,direction,entry,stop,stop_pips,fib_state,fib_pct,outcome,R,mfe_R,mae_R,bars_to_resolution,event_id,atr_pips,stop_atr,year
GBPUSD,2014_A,2014-02-03T09:15:00+00:00,M15_FLAG_PENNANT,BEAR_PENNANT,SHORT,1.63753,1.640627,30.970000000001274,ACTIVE_SHALLOW,0.0,WIN,2.0,2.0762027768807463,0.2034226670972246,29,M15_FLAG_PENNANT|2014-02-03T09:15:00+00:00|1.63753,13.835714285714364,2.238409912235495,2014
GBPUSD,2014_A,2014-02-03T17:15:00+00:00,M15_FLAG_PENNANT,BEAR_FLAG,SHORT,1.62964,1.63310375,34.63750000000098,ACTIVE_SHALLOW,0.0,LOSS,-1.0,1.1490436665463035,1.3049440635149623,65,M15_FLAG_PENNANT|2014-02-03T17:15:00+00:00|1.62964,13.48571428571445,2.56845868644072,2014
EURUSD,2014_A,2014-02-04T01:00:00+00:00,M15_HEAD_SHOULDERS,HEAD_SHOULDERS,SHORT,1.3518,1.35273,9.300000000000974,ACTIVE_PRIMARY_CORRECTION,52.4422,LOSS,-1.0,1.505376344085698,2.2043010752687016,20,M15_HEAD_SHOULDERS|2014-02-04T01:00:00+00:00|1.3518,4.892857142857318,1.9007299270074303,2014
EURUSD,2014_A,2014-02-04T01:15:00+00:00,M15_TRIANGLE_WEDGE,SYMMETRICAL_TRIANGLE,SHORT,1.35173,1.3531749999999998,14.449999999996965,ACTIVE_PRIMARY_CORRECTION,51.5424,LOSS,-1.0,0.9204152249137251,1.4671280276818996,19,M15_TRIANGLE_WEDGE|2014-02-04T01:15:00+00:00|1.35173,4.757142857143094,3.0375375375367484,2014
EURUSD,2014_A,2014-02-04T02:15:00+00:00,M15_CHANNEL,,SHORT,1.35145,1.352995,15.449999999999076,ACTIVE_PRIMARY_CORRECTION,47.6864,LOSS,-1.0,0.6796116504854746,1.5533980582524927,15,M15_CHANNEL|2014-02-04T02:00:00+00:00|1.35145,4.692857142856959,3.2922374429223065,2014
EURUSD,2014_A,2014-02-04T02:30:00+00:00,M15_TRIANGLE_WEDGE,SYMMETRICAL_TRIANGLE,SHORT,1.351,1.3531749999999998,21.74999999999816,ACTIVE_PRIMARY_CORRECTION,42.1594,LOSS,-1.0,0.2758620689655102,1.3103448275863265,14,M15_TRIANGLE_WEDGE|2014-02-04T02:30:00+00:00|1.351,4.864285714285543,4.471365638766299,2014
GBPUSD,2014_A,2014-02-05T03:15:00+00:00,M15_TRIANGLE_WEDGE,DESCENDING_TRIANGLE,SHORT,1.63243,1.6339899999999998,15.599999999997838,ACTIVE_LATCHED_RECOVERY,29.628,LOSS,-1.0,0.20512820512829638,1.057692307692409,8,M15_TRIANGLE_WEDGE|2014-02-05T03:15:00+00:00|1.63243,5.485714285714379,2.8437499999995577,2014
GBPUSD,2014_A,2014-02-05T22:15:00+00:00,M15_TRIANGLE_WEDGE,DESCENDING_TRIANGLE,SHORT,1.63031,1.63234,20.299999999999763,ACTIVE_LATCHED_RECOVERY,27.4838,LOSS,-1.0,0.09359605911325847,1.0246305418719734,6,M15_TRIANGLE_WEDGE|2014-02-05T22:15:00+00:00|1.63031,4.471428571428523,4.539936102236418,2014
GBPUSD,2014_A,2014-02-06T05:00:00+00:00,M15_TRIANGLE_WEDGE,SYMMETRICAL_TRIANGLE,SHORT,1.62996,1.6324049999999999,24.449999999998084,ACTIVE_LATCHED_RECOVERY,25.594,LOSS,-1.0,1.1124744376279219,1.1942740286299642,37,M15_TRIANGLE_WEDGE|2014-02-06T05:00:00+00:00|1.62996,5.514285714286153,4.433937823833497,2014
EURUSD,2015_A,2015-03-09T03:30:00+00:00,M15_FLAG_PENNANT,BEAR_FLAG,SHORT,1.08368,1.08456,8.799999999999919,ACTIVE_SHALLOW,0.2113,LOSS,-1.0,0.06818181818176083,1.7045454545455347,10,M15_FLAG_PENNANT|2015-03-09T03:30:00+00:00|1.08368,4.635714285714362,1.8983050847457141,2015
EURUSD,2015_A,2015-03-10T03:00:00+00:00,M15_FLAG_PENNANT,BEAR_FLAG,SHORT,1.08026,1.0834899999999998,32.29999999999844,ACTIVE_SHALLOW,0.0,WIN,2.0,2.1052631578948127,0.653250773993857,23,M15_FLAG_PENNANT|2015-03-10T03:00:00+00:00|1.08026,7.171428571428764,4.5039840637446815,2015
EURUSD,2015_A,2015-03-10T06:15:00+00:00,M15_FLAG_PENNANT,BEAR_FLAG,SHORT,1.07936,1.0803455,9.854999999998615,ACTIVE_SHALLOW,3.613,LOSS,-1.0,0.5175038051751214,1.998985286656603,4,M15_FLAG_PENNANT|2015-03-10T06:15:00+00:00|1.07936,8.900000000000256,1.1073033707863293,2015
EURUSD,2015_A,2015-03-10T11:15:00+00:00,M15_FLAG_PENNANT,BEAR_FLAG,SHORT,1.07415,1.0771259999999998,29.759999999998676,ACTIVE_SHALLOW,2.3703,LOSS,-1.0,0.6518817204300796,1.2466397849463262,5,M15_FLAG_PENNANT|2015-03-10T11:15:00+00:00|1.07415,16.935714285714212,1.7572332349219033,2015
EURUSD,2015_A,2015-03-10T18:45:00+00:00,M15_FLAG_PENNANT,BEAR_FLAG,SHORT,1.0697,1.0727532499999999,30.532499999997853,ACTIVE_SHALLOW,1.232,WIN,2.0,2.656186031278353,0.6550397117825735,58,M15_FLAG_PENNANT|2015-03-10T18:45:00+00:00|1.0697,12.499999999999892,2.4425999999998496,2015
EURUSD,2015_A,2015-03-11T04:00:00+00:00,M15_FLAG_PENNANT,BEAR_FLAG,SHORT,1.06672,1.06904,23.200000000000998,ACTIVE_SHALLOW,0.0,LOSS,-1.0,0.06896551724134961,1.1077586206896866,6,M15_FLAG_PENNANT|2015-03-11T04:00:00+00:00|1.06672,7.657142857142743,3.029850746268832,2015
EURUSD,2015_A,2015-03-11T09:15:00+00:00,M15_FLAG_PENNANT,BEAR_FLAG,SHORT,1.06191,1.0665619999999998,46.51999999999878,ACTIVE_SHALLOW,0.0,WIN,2.0,2.08082545141878,0.1913155631986416,33,M15_FLAG_PENNANT|2015-03-11T09:15:00+00:00|1.06191,16.478571428571215,2.8230602514087186,2015
EURUSD,2015_A,2015-03-11T10:30:00+00:00,M15_FLAG_PENNANT,BEAR_FLAG,SHORT,1.05622,1.06254075,63.20749999999986,ACTIVE_SHALLOW,0.0,LOSS,-1.0,0.0015820907328787707,1.041015702250531,7,M15_FLAG_PENNANT|2015-03-11T10:30:00+00:00|1.05622,20.614285714285312,3.0661988911989444,2015
EURUSD,2015_B,2015-08-20T00:00:00+00:00,M15_FLAG_PENNANT,BULL_FLAG,LONG,1.11396,1.11138,25.800000000000267,ACTIVE_SHALLOW,0.0,LOSS,-1.0,0.3410852713178228,1.25581395348841,31,M15_FLAG_PENNANT|2015-08-20T00:00:00+00:00|1.11396,5.249999999999977,4.9142857142857865,2015
EURUSD,2015_B,2015-08-20T10:45:00+00:00,M15_FLAG_PENNANT,BULL_FLAG,LONG,1.11766,1.11501275,26.47250000000101,ACTIVE_SHALLOW,0.2589,WIN,2.0,2.519595806969383,0.9330437246199264,37,M15_FLAG_PENNANT|2015-08-20T10:45:00+00:00|1.11766,13.28571428571425,1.9925537634409416,2015
EURUSD,2015_B,2015-08-20T12:00:00+00:00,M15_FLAG_PENNANT,BULL_FLAG,LONG,1.11835,1.1164915000000002,18.58499999999763,ACTIVE_SHALLOW,0.0,LOSS,-1.0,0.06456820016149331,1.059994619316803,2,M15_FLAG_PENNANT|2015-08-20T12:00:00+00:00|1.11835,12.19999999999967,1.5233606557375519,2015
EURUSD,2015_B,2015-08-20T16:00:00+00:00,M15_FLAG_PENNANT,BULL_FLAG,LONG,1.12028,1.11882525,14.547499999999491,ACTIVE_SHALLOW,8.9854,LOSS,-1.0,0.7011514005843317,1.347310534456113,7,M15_FLAG_PENNANT|2015-08-20T16:00:00+00:00|1.12028,14.085714285714415,1.0327839756591837,2015
EURUSD,2015_B,2015-08-24T02:30:00+00:00,M15_FLAG_PENNANT,BULL_PENNANT,LONG,1.14732,1.1420685,52.514999999999645,ACTIVE_SHALLOW,0.0,LOSS,-1.0,0.47795867847282286,1.009235456536208,14,M15_FLAG_PENNANT|2015-08-24T02:30:00+00:00|1.14732,16.657142857143178,3.1527015437391976,2015
EURUSD,2015_B,2015-08-25T20:00:00+00:00,M15_TRIANGLE_WEDGE,SYMMETRICAL_TRIANGLE,LONG,1.14988,1.1404517499999998,94.28250000000249,ACTIVE_LATCHED_RECOVERY,31.1108,LOSS,-1.0,0.6586588179142349,1.0436719433616855,64,M15_TRIANGLE_WEDGE|2015-08-25T20:00:00+00:00|1.14988,18.3928571428571,5.126038834951603,2015
EURUSD,2015_B,2015-08-25T21:00:00+00:00,M15_CHANNEL,,LONG,1.14988,1.14339175,64.88250000000085,ACTIVE_LATCHED_RECOVERY,28.3194,LOSS,-1.0,0.9571147844179815,1.103533310214613,54,M15_CHANNEL|2015-08-25T20:00:00+00:00|1.14988,18.65714285714264,3.4776225114855372,2015
EURUSD,2015_B,2015-08-25T23:45:00+00:00,M15_TRIANGLE_WEDGE,ASCENDING_TRIANGLE,LONG,1.1553,1.150917,43.830000000000254,ACTIVE_LATCHED_RECOVERY,23.2716,LOSS,-1.0,0.18024184348621122,1.063198722336267,4,M15_TRIANGLE_WEDGE|2015-08-25T23:45:00+00:00|1.1553,13.042857142856784,3.360460021905917,2015
GBPUSD,2016_A,2016-06-14T05:30:00+00:00,M15_TRIANGLE_WEDGE,SYMMETRICAL_TRIANGLE,SHORT,1.41753,1.421831,43.0100000000011,ACTIVE_LATCHED_RECOVERY,17.3264,WIN,2.0,2.011160195303377,0.3324808184143236,64,M15_TRIANGLE_WEDGE|2016-06-14T05:30:00+00:00|1.41753,7.47857142857189,5.7510983763130685,2016
GBPUSD,2016_A,2016-06-16T05:15:00+00:00,M15_TRIANGLE_WEDGE,SYMMETRICAL_TRIANGLE,SHORT,1.41613,1.4210074999999998,48.77499999999646,ACTIVE_LATCHED_RECOVERY,30.322,WIN,2.0,2.148641722193912,0.8939005638134774,35,M15_TRIANGLE_WEDGE|2016-06-16T05:15:00+00:00|1.41613,9.10714285714225,5.355686274509772,2016
GBPUSD,2016_A,2016-06-16T10:45:00+00:00,M15_TRIANGLE_WEDGE,SYMMETRICAL_TRIANGLE,SHORT,1.41235,1.41921275,68.62750000000028,ACTIVE_LATCHED_RECOVERY,14.5128,LOSS,-1.0,1.6203416997559248,1.3595133146333498,23,M15_TRIANGLE_WEDGE|2016-06-16T10:45:00+00:00|1.41235,24.96428571428542,2.7490271816881697,2016
GBPUSD,2016_A,2016-06-16T13:00:00+00:00,M15_IMPULSE_CORRECTION,,SHORT,1.40974,1.4156157500000002,58.75750000000179,ACTIVE_LATCHED_RECOVERY,3.5968,LOSS,-1.0,1.4483257456494503,1.2168659320086408,13,M15_IMPULSE_CORRECTION|2016-06-16T13:00:00+00:00|1.40974,20.664285714285484,2.843432423090336,2016
EURUSD,2017_A,2017-01-17T02:15:00+00:00,M15_IMPULSE_CORRECTION,,LONG,1.06116,1.0599402500000001,12.19749999999964,ACTIVE_LATCHED_RECOVERY,25.0896,WIN,2.0,2.1069891371182923,0.18856323017026547,7,M15_IMPULSE_CORRECTION|2017-01-17T02:15:00+00:00|1.06116,6.6714285714283434,1.8283190578158541,2017
EURUSD,2017_A,2017-01-17T04:00:00+00:00,M15_FLAG_PENNANT,BULL_FLAG,LONG,1.06353,1.06133375,21.962500000001217,ACTIVE_SHALLOW,0.0,WIN,2.0,2.058053500284397,0.13659647125790433,22,M15_FLAG_PENNANT|2017-01-17T04:00:00+00:00|1.06353,7.135714285714403,3.0778278278279476,2017
EURUSD,2017_A,2017-01-17T05:45:00+00:00,M15_FLAG_PENNANT,BULL_FLAG,LONG,1.06575,1.0638085000000002,19.414999999998184,ACTIVE_SHALLOW,2.7397,WIN,2.0,2.3074942055114387,0.8756116404842615,22,M15_FLAG_PENNANT|2017-01-17T05:45:00+00:00|1.06575,8.057142857142827,2.4096631205671595,2017
EURUSD,2017_A,2017-01-23T03:00:00+00:00,M15_FLAG_PENNANT,BULL_FLAG,LONG,1.0748,1.0737035000000001,10.964999999998337,ACTIVE_SHALLOW,0.0,LOSS,-1.0,0.17327861377103626,1.003191974464246,7,M15_FLAG_PENNANT|2017-01-23T03:00:00+00:00|1.0748,7.828571428571803,1.4006386861311075,2017
EURUSD,2017_A,2017-01-23T21:30:00+00:00,M15_TRIANGLE_WEDGE,ASCENDING_TRIANGLE,LONG,1.07586,1.0729495,29.10500000000038,ACTIVE_LATCHED_RECOVERY,0.0,LOSS,-1.0,0.49132451468820604,1.0307507301151262,53,M15_TRIANGLE_WEDGE|2017-01-23T21:30:00+00:00|1.07586,5.978571428571421,4.868219832736032,2017
EURUSD,2017_A,2017-01-26T14:15:00+00:00,M15_FLAG_PENNANT,BEAR_FLAG,SHORT,1.06832,1.070856,25.360000000000937,ACTIVE_SHALLOW,0.0,LOSS,-1.0,1.009463722397398,1.648264984227097,95,M15_FLAG_PENNANT|2017-01-26T14:15:00+00:00|1.06832,11.957142857142523,2.12090800477911,2017
EURUSD,2017_A,2017-01-26T15:45:00+00:00,M15_FLAG_PENNANT,BEAR_FLAG,SHORT,1.06712,1.06949425,23.74249999999911,ACTIVE_SHALLOW,1.3013,LOSS,-1.0,0.5728124670949052,1.0571759503001394,9,M15_FLAG_PENNANT|2017-01-26T15:45:00+00:00|1.06712,13.228571428571335,1.7947894168465977,2017
EURUSD,2018_A,2018-10-15T10:45:00+00:00,M15_FLAG_PENNANT,BULL_FLAG,LONG,1.15988,1.1583260000000002,15.539999999998333,ACTIVE_SHALLOW,3.2787,LOSS,-1.0,0.025740025740054243,1.3449163449164412,4,M15_FLAG_PENNANT|2018-10-15T10:45:00+00:00|1.15988,7.507142857142553,2.0700285442434394,2018
GBPUSD,2018_A,2018-10-16T08:30:00+00:00,M15_FLAG_PENNANT,BULL_FLAG,LONG,1.32012,1.3177564999999998,23.63500000000185,ACTIVE_SHALLOW,0.0,LOSS,-1.0,1.4808546646921028,1.2904590649459524,34,M15_FLAG_PENNANT|2018-10-16T08:30:00+00:00|1.32012,12.692857142857664,1.8620709060214535,2018
GBPUSD,2018_A,2018-10-16T11:45:00+00:00,M15_FLAG_PENNANT,BULL_FLAG,LONG,1.32266,1.32119,14.699999999998603,ACTIVE_SHALLOW,3.9024,LOSS,-1.0,0.1292517006803759,1.2585034013606007,3,M15_FLAG_PENNANT|2018-10-16T11:45:00+00:00|1.32266,12.242857142857094,1.200700116686005,2018
EURUSD,2018_A,2018-10-25T13:15:00+00:00,M15_TRIANGLE_WEDGE,SYMMETRICAL_TRIANGLE,SHORT,1.13887,1.1420212499999998,31.512499999997168,ACTIVE_LATCHED_RECOVERY,7.1221,LOSS,-1.0,1.6882189607300182,1.0218167393892232,123,M15_TRIANGLE_WEDGE|2018-10-25T13:15:00+00:00|1.13887,12.178571428571436,2.5875366568912614,2018
EURUSD,2018_A,2018-10-25T15:00:00+00:00,M15_FLAG_PENNANT,BEAR_FLAG,SHORT,1.13717,1.1387829999999999,16.129999999998645,ACTIVE_SHALLOW,1.6155,WIN,2.0,2.2132672039679933,0.7377557346559978,82,M15_FLAG_PENNANT|2018-10-25T15:00:00+00:00|1.13717,14.542857142856937,1.109135559921337,2018
EURUSD,2019_A,2019-01-07T01:30:00+00:00,M15_FLAG_PENNANT,BULL_FLAG,LONG,1.14196,1.1403400000000001,16.199999999999548,ACTIVE_LATCHED_RECOVERY,0.0,WIN,2.0,2.0370370370370066,0.5925925925926535,47,M15_FLAG_PENNANT|2019-01-07T01:30:00+00:00|1.14196,4.764285714286157,3.4002998500745516,2019
EURUSD,2019_A,2019-01-07T13:15:00+00:00,M15_FLAG_PENNANT,BULL_FLAG,LONG,1.14517,1.14356125,16.087499999999366,ACTIVE_LATCHED_RECOVERY,0.0,WIN,2.0,2.0326340326340406,0.2797202797203289,44,M15_FLAG_PENNANT|2019-01-07T13:15:00+00:00|1.14517,6.407142857142643,2.510869565217376,2019
EURUSD,2019_A,2019-01-07T18:00:00+00:00,M15_FLAG_PENNANT,BULL_FLAG,LONG,1.14797,1.14556575,24.042499999998856,ACTIVE_LATCHED_RECOVERY,0.0,LOSS,-1.0,0.19548715815742657,1.0647811167723895,30,M15_FLAG_PENNANT|2019-01-07T18:00:00+00:00|1.14797,8.650000000000205,2.7794797687859294,2019
EURUSD,2019_A,2019-01-17T02:30:00+00:00,M15_TRIANGLE_WEDGE,SYMMETRICAL_TRIANGLE,SHORT,1.13894,1.1406049999999999,16.649999999998055,ACTIVE_LATCHED_RECOVERY,24.8408,LOSS,-1.0,1.165165165165333,1.2132132132133013,126,M15_TRIANGLE_WEDGE|2019-01-17T02:30:00+00:00|1.13894,3.435714285714748,4.846153846152628,2019
EURUSD,2019_A,2019-01-17T07:15:00+00:00,M15_FLAG_PENNANT,BEAR_FLAG,SHORT,1.1377,1.1399,21.999999999999797,ACTIVE_LATCHED_RECOVERY,0.0,LOSS,-1.0,0.2409090909090565,1.1136363636364026,8,M15_FLAG_PENNANT|2019-01-17T07:15:00+00:00|1.1377,5.642857142856997,3.898734177215255,2019
EURUSD,2019_B,2019-08-05T11:45:00+00:00,M15_FLAG_PENNANT,BULL_FLAG,LONG,1.11795,1.11585175,20.982499999999682,ACTIVE_SHALLOW,1.1696,WIN,2.0,2.220898367687444,0.45275825092339844,44,M15_FLAG_PENNANT|2019-08-05T11:45:00+00:00|1.11795,7.099999999999566,2.9552816901409806,2019
EURUSD,2019_B,2019-08-05T23:00:00+00:00,M15_FLAG_PENNANT,BULL_FLAG,LONG,1.12309,1.1212000000000002,18.899999999997252,ACTIVE_SHALLOW,0.0,LOSS,-1.0,0.9947089947091943,1.1269841269842724,19,M15_FLAG_PENNANT|2019-08-05T23:00:00+00:00|1.12309,6.085714285714504,3.1056338028163384,2019
EURUSD,2019_B,2019-08-06T20:30:00+00:00,M15_HEAD_SHOULDERS,INVERSE_HEAD_SHOULDERS,LONG,1.12039,1.11917,12.199999999999989,ACTIVE_LATCHED_RECOVERY,26.69,LOSS,-1.0,1.2786885245901698,1.2459016393442355,45,M15_HEAD_SHOULDERS|2019-08-06T20:30:00+00:00|1.12039,4.935714285714583,2.471780028943409,2019
EURUSD,2019_B,2019-08-07T00:00:00+00:00,M15_TRIANGLE_WEDGE,SYMMETRICAL_TRIANGLE,LONG,1.12107,1.119655,14.14999999999944,ACTIVE_LATCHED_RECOVERY,22.7273,LOSS,-1.0,0.6219081272084994,1.0883392226149524,27,M15_TRIANGLE_WEDGE|2019-08-07T00:00:00+00:00|1.12107,3.478571428571854,4.067761806980861,2019
EURUSD,2019_B,2019-08-07T12:00:00+00:00,M15_TRIANGLE_WEDGE,FALLING_WEDGE,LONG,1.12015,1.1181800000000002,19.699999999998052,ACTIVE_LATCHED_RECOVERY,28.0886,WIN,2.0,2.040609137055995,0.5431472081218326,17,M15_TRIANGLE_WEDGE|2019-08-07T12:00:00+00:00|1.12015,5.764285714285888,3.4175960346959653,2019
EURUSD,2019_B,2019-08-07T13:15:00+00:00,M15_IMPULSE_CORRECTION,,LONG,1.12236,1.117785,45.74999999999996,ACTIVE_LATCHED_RECOVERY,15.2098,LOSS,-1.0,0.3956284153005178,1.0207650273223947,126,M15_IMPULSE_CORRECTION|2019-08-07T13:15:00+00:00|1.12236,8.36428571428595,5.469684030742796,2019
EURUSD,2019_B,2019-08-08T05:45:00+00:00,M15_TRIANGLE_WEDGE,SYMMETRICAL_TRIANGLE,LONG,1.1212,1.1203100000000001,8.899999999998354,ACTIVE_LATCHED_RECOVERY,21.9697,LOSS,-1.0,0.3932584269664463,1.0898876404495448,3,M15_TRIANGLE_WEDGE|2019-08-08T05:45:00+00:00|1.1212,2.4214285714282573,3.6755162241885877,2019
EURUSD,2019_B,2019-08-12T05:45:00+00:00,M15_TRIANGLE_WEDGE,ASCENDING_TRIANGLE,LONG,1.12108,1.12052,5.60000000000116,ACTIVE_LATCHED_RECOVERY,22.669,LOSS,-1.0,0.0,1.607142857142744,3,M15_TRIANGLE_WEDGE|2019-08-12T05:45:00+00:00|1.12108,1.9928571428571928,2.8100358422944183,2019
EURUSD,2019_B,2019-08-12T12:45:00+00:00,M15_TRIANGLE_WEDGE,SYMMETRICAL_TRIANGLE,LONG,1.12094,1.11728,36.599999999999966,ACTIVE_LATCHED_RECOVERY,23.4848,LOSS,-1.0,0.5792349726775687,1.0737704918032767,100,M15_TRIANGLE_WEDGE|2019-08-12T12:45:00+00:00|1.12094,6.728571428571099,5.439490445860134,2019
EURUSD,2019_B,2019-08-13T09:30:00+00:00,M15_TRIANGLE_WEDGE,SYMMETRICAL_TRIANGLE,LONG,1.12093,1.11826575,26.642500000000346,ACTIVE_LATCHED_RECOVERY,23.5431,LOSS,-1.0,0.7206530918644635,1.4713333958899775,17,M15_TRIANGLE_WEDGE|2019-08-13T09:30:00+00:00|1.12093,7.664285714285647,3.4761882572228155,2019
EURUSD,2019_B,2019-08-13T10:30:00+00:00,M15_CHANNEL,,LONG,1.12057,1.1191757500000001,13.942499999999303,ACTIVE_LATCHED_RECOVERY,20.3963,LOSS,-1.0,1.6352877891339084,2.5533440918057635,13,M15_CHANNEL|2019-08-13T09:45:00+00:00|1.12057,7.792857142856808,1.7891384051328931,2019
EURUSD,2019_B,2019-08-14T02:30:00+00:00,M15_HEAD_SHOULDERS,INVERSE_HEAD_SHOULDERS,LONG,1.11774,1.117,7.399999999999629,ACTIVE_PRIMARY_CORRECTION,42.1329,LOSS,-1.0,0.12162162162182437,1.0540540540541108,4,M15_HEAD_SHOULDERS|2019-08-14T02:30:00+00:00|1.11774,3.450000000000238,2.1449275362316285,2019
EURUSD,2019_B,2019-08-14T07:45:00+00:00,M15_CHANNEL,,LONG,1.118,1.11657,14.300000000000423,ACTIVE_PRIMARY_CORRECTION,40.6177,LOSS,-1.0,0.7552447552447118,1.6923076923077043,24,M15_CHANNEL|2019-08-14T07:45:00+00:00|1.118,5.264285714285784,2.7164179104478055,2019
EURUSD,2019_B,2019-08-14T12:00:00+00:00,M15_TRIANGLE_WEDGE,ASCENDING_TRIANGLE,LONG,1.11869,1.1172357499999999,14.542500000001013,ACTIVE_LATCHED_RECOVERY,36.5967,LOSS,-1.0,0.2681794739557059,1.0314595152139951,4,M15_TRIANGLE_WEDGE|2019-08-14T12:00:00+00:00|1.11869,8.0214285714291,1.8129563668744504,2019
EURUSD,2019_B,2019-08-15T01:30:00+00:00,M15_TRIANGLE_WEDGE,ASCENDING_TRIANGLE,LONG,1.11462,1.113505,11.149999999999771,ACTIVE_PRIMARY_CORRECTION,60.3147,LOSS,-1.0,1.0852017937221348,1.0224215246636252,44,M15_TRIANGLE_WEDGE|2019-08-15T01:30:00+00:00|1.11462,3.014285714285636,3.699052132701442,2019
GBPUSD,2020_A,2020-10-01T05:45:00+00:00,M15_FLAG_PENNANT,BULL_FLAG,LONG,1.29423,1.2933700000000001,8.599999999998609,ACTIVE_SHALLOW,2.5586,LOSS,-1.0,0.8953488372093744,1.9302325581398412,5,M15_FLAG_PENNANT|2020-10-01T05:45:00+00:00|1.29423,4.657142857142915,1.846625766870844,2020
EURUSD,2021_A,2021-05-03T04:15:00+00:00,M15_FLAG_PENNANT,BEAR_FLAG,SHORT,1.20181,1.20251,6.999999999999229,ACTIVE_SHALLOW,1.5489,LOSS,-1.0,0.7285714285715237,3.0857142857145394,10,M15_FLAG_PENNANT|2021-05-03T04:15:00+00:00|1.20181,3.5714285714286538,1.9599999999997388,2021
EURUSD,2021_A,2021-05-03T12:45:00+00:00,M15_HEAD_SHOULDERS,HEAD_SHOULDERS,SHORT,1.2043,1.2054999999999998,11.999999999998678,ACTIVE_LATCHED_RECOVERY,28.0899,LOSS,-1.0,0.05833333333335184,1.4333333333336293,4,M15_HEAD_SHOULDERS|2021-05-03T12:45:00+00:00|1.2043,5.828571428571548,2.058823529411496,2021
EURUSD,2021_A,2021-05-03T22:15:00+00:00,M15_TRIANGLE_WEDGE,DESCENDING_TRIANGLE,SHORT,1.20601,1.206735,7.249999999998646,ACTIVE_PRIMARY_CORRECTION,44.1011,WIN,2.0,2.0413793103451066,0.1379310344827692,16,M15_TRIANGLE_WEDGE|2021-05-03T22:15:00+00:00|1.20601,2.5928571428571585,2.7961432506881665,2021
EURUSD,2021_A,2021-05-04T08:45:00+00:00,M15_FLAG_PENNANT,BEAR_FLAG,SHORT,1.20032,1.20231,19.899999999999363,ACTIVE_SHALLOW,1.4885,LOSS,-1.0,0.2160804020101338,1.0804020100502227,13,M15_FLAG_PENNANT|2021-05-04T08:45:00+00:00|1.20032,7.021428571428416,2.8341810783316097,2021
EURUSD,2021_A,2021-05-05T05:45:00+00:00,M15_TRIANGLE_WEDGE,RISING_WEDGE,SHORT,1.20121,1.2025799999999998,13.699999999996493,ACTIVE_LATCHED_RECOVERY,17.1206,LOSS,-1.0,1.912408759124626,1.160583941606122,101,M15_TRIANGLE_WEDGE|2021-05-05T05:45:00+00:00|1.20121,2.678571428571213,5.1146666666657685,2021
EURUSD,2021_A,2021-05-05T06:45:00+00:00,M15_FLAG_PENNANT,BEAR_FLAG,SHORT,1.19996,1.2018399999999998,18.799999999998818,ACTIVE_SHALLOW,15.9251,LOSS,-1.0,0.7287234042552966,1.0691489361703157,16,M15_FLAG_PENNANT|2021-05-05T06:45:00+00:00|1.19996,4.18571428571411,4.491467576791715,2021
EURUSD,2021_A,2021-05-05T12:15:00+00:00,M15_IMPULSE_CORRECTION,,SHORT,1.19955,1.2020899999999999,25.399999999999867,ACTIVE_LATCHED_RECOVERY,19.3548,LOSS,-1.0,0.17322834645669222,1.2795275590552024,75,M15_IMPULSE_CORRECTION|2021-05-05T12:15:00+00:00|1.19955,6.592857142857193,3.852654387865606,2021
