symbol,window,time,agent,pattern,direction,entry,stop,stop_pips,fib_state,fib_pct,outcome,R,mfe_R,mae_R,bars_to_resolution,event_id,atr_pips,stop_atr,year,cf_maxR_before_stop,cf_minR_before_stop,cf_stop_hit,first2_bar,post2_minR_before_stop,post2_maxR_before_stop,hour_utc,reach_1R,reach_1p5R,reach_2R,reach_2p5R,reach_3R,reach_4R,reach_5R,runner_2p5,runner_3,runner_4,runner_5
GBPUSD,2014_A,2014-02-03T09:15:00+00:00,M15_FLAG_PENNANT,BEAR_PENNANT,SHORT,1.63753,1.640627,30.970000000001274,ACTIVE_SHALLOW,0.0,WIN,2.0,2.0762027768807463,0.2034226670972246,29,M15_FLAG_PENNANT|2014-02-03T09:15:00+00:00|1.63753,13.835714285714364,2.238409912235495,2014,0.17113335485950842,-1.185017759121702,True,,,,9.25,False,False,False,False,False,False,False,False,False,False,False
GBPUSD,2014_A,2014-02-03T17:15:00+00:00,M15_FLAG_PENNANT,BEAR_FLAG,SHORT,1.62964,1.63310375,34.63750000000098,ACTIVE_SHALLOW,0.0,LOSS,-1.0,1.1490436665463035,1.3049440635149625,65,M15_FLAG_PENNANT|2014-02-03T17:15:00+00:00|1.62964,13.48571428571445,2.56845868644072,2014,1.1490436665463035,-1.3049440635149623,True,,,,17.25,True,False,False,False,False,False,False,False,False,False,False
EURUSD,2015_A,2015-03-09T03:30:00+00:00,M15_FLAG_PENNANT,BEAR_FLAG,SHORT,1.08368,1.08456,8.799999999999919,ACTIVE_SHALLOW,0.2113,LOSS,-1.0,0.0681818181817608,1.7045454545455347,10,M15_FLAG_PENNANT|2015-03-09T03:30:00+00:00|1.08368,4.635714285714362,1.898305084745714,2015,0.06818181818176083,-1.7045454545455347,True,,,,3.5,False,False,False,False,False,False,False,False,False,False,False
EURUSD,2015_A,2015-03-10T03:00:00+00:00,M15_FLAG_PENNANT,BEAR_FLAG,SHORT,1.08026,1.0834899999999998,32.29999999999844,ACTIVE_SHALLOW,0.0,WIN,2.0,2.1052631578948127,0.653250773993857,23,M15_FLAG_PENNANT|2015-03-10T03:00:00+00:00|1.08026,7.171428571428764,4.5039840637446815,2015,10.53250773993857,-0.73374613003099,False,23.0,0.2941176470588397,10.53250773993857,3.0,True,True,True,True,True,True,True,True,True,True,True
EURUSD,2015_A,2015-03-10T06:15:00+00:00,M15_FLAG_PENNANT,BEAR_FLAG,SHORT,1.07936,1.0803455,9.854999999998617,ACTIVE_SHALLOW,3.613,LOSS,-1.0,0.5175038051751214,1.998985286656603,4,M15_FLAG_PENNANT|2015-03-10T06:15:00+00:00|1.07936,8.900000000000256,1.1073033707863291,2015,0.5175038051751214,-1.998985286656603,True,,,,6.25,False,False,False,False,False,False,False,False,False,False,False
EURUSD,2015_A,2015-03-10T11:15:00+00:00,M15_FLAG_PENNANT,BEAR_FLAG,SHORT,1.07415,1.0771259999999998,29.75999999999868,ACTIVE_SHALLOW,2.3703,LOSS,-1.0,0.6518817204300796,1.2466397849463262,5,M15_FLAG_PENNANT|2015-03-10T11:15:00+00:00|1.07415,16.935714285714212,1.7572332349219033,2015,0.6518817204300796,-1.2466397849463262,True,,,,11.25,False,False,False,False,False,False,False,False,False,False,False
EURUSD,2015_A,2015-03-10T18:45:00+00:00,M15_FLAG_PENNANT,BEAR_FLAG,SHORT,1.0697,1.07275325,30.532499999997853,ACTIVE_SHALLOW,1.232,WIN,2.0,2.656186031278353,0.6550397117825735,58,M15_FLAG_PENNANT|2015-03-10T18:45:00+00:00|1.0697,12.499999999999892,2.4425999999998496,2015,7.683615819209033,-0.6550397117825258,False,58.0,0.43560140833539673,7.683615819209033,18.75,True,True,True,True,True,True,True,True,True,True,True
EURUSD,2015_A,2015-03-11T04:00:00+00:00,M15_FLAG_PENNANT,BEAR_FLAG,SHORT,1.06672,1.06904,23.200000000001,ACTIVE_SHALLOW,0.0,LOSS,-1.0,0.0689655172413496,1.1077586206896866,6,M15_FLAG_PENNANT|2015-03-11T04:00:00+00:00|1.06672,7.657142857142743,3.029850746268832,2015,0.06896551724134961,-1.1077586206896866,True,,,,4.0,False,False,False,False,False,False,False,False,False,False,False
EURUSD,2015_A,2015-03-11T09:15:00+00:00,M15_FLAG_PENNANT,BEAR_FLAG,SHORT,1.06191,1.0665619999999998,46.51999999999878,ACTIVE_SHALLOW,0.0,WIN,2.0,2.08082545141878,0.1913155631986416,33,M15_FLAG_PENNANT|2015-03-11T09:15:00+00:00|1.06191,16.478571428571215,2.823060251408718,2015,2.689165950129004,-1.388650042992326,True,33.0,-1.388650042992326,2.689165950129004,9.25,True,True,True,True,False,False,False,True,False,False,False
EURUSD,2015_A,2015-03-11T10:30:00+00:00,M15_FLAG_PENNANT,BEAR_FLAG,SHORT,1.05622,1.06254075,63.20749999999986,ACTIVE_SHALLOW,0.0,LOSS,-1.0,0.0015820907328787,1.041015702250531,7,M15_FLAG_PENNANT|2015-03-11T10:30:00+00:00|1.05622,20.614285714285312,3.0661988911989444,2015,0.03480599612385989,-1.041015702250531,True,,,,10.5,False,False,False,False,False,False,False,False,False,False,False
EURUSD,2015_B,2015-08-20T00:00:00+00:00,M15_FLAG_PENNANT,BULL_FLAG,LONG,1.11396,1.11138,25.800000000000267,ACTIVE_SHALLOW,0.0,LOSS,-1.0,0.3410852713178228,1.25581395348841,31,M15_FLAG_PENNANT|2015-08-20T00:00:00+00:00|1.11396,5.249999999999977,4.9142857142857865,2015,0.3410852713178228,-1.25581395348841,True,,,,0.0,False,False,False,False,False,False,False,False,False,False,False
EURUSD,2015_B,2015-08-20T10:45:00+00:00,M15_FLAG_PENNANT,BULL_FLAG,LONG,1.11766,1.11501275,26.47250000000101,ACTIVE_SHALLOW,0.2589,WIN,2.0,2.519595806969383,0.9330437246199264,37,M15_FLAG_PENNANT|2015-08-20T10:45:00+00:00|1.11766,13.28571428571425,1.9925537634409416,2015,20.296534139200222,-0.9330437246199264,False,37.0,1.4090093493247215,20.296534139200222,10.75,True,True,True,True,True,True,True,True,True,True,True
EURUSD,2015_B,2015-08-20T12:00:00+00:00,M15_FLAG_PENNANT,BULL_FLAG,LONG,1.11835,1.1164915000000002,18.58499999999763,ACTIVE_SHALLOW,0.0,LOSS,-1.0,0.0645682001614933,1.059994619316803,2,M15_FLAG_PENNANT|2015-08-20T12:00:00+00:00|1.11835,12.19999999999967,1.523360655737552,2015,0.06456820016149331,-1.059994619316803,True,,,,12.0,False,False,False,False,False,False,False,False,False,False,False
EURUSD,2015_B,2015-08-20T16:00:00+00:00,M15_FLAG_PENNANT,BULL_FLAG,LONG,1.12028,1.11882525,14.547499999999491,ACTIVE_SHALLOW,8.9854,LOSS,-1.0,0.7011514005843317,1.347310534456113,7,M15_FLAG_PENNANT|2015-08-20T16:00:00+00:00|1.12028,14.085714285714417,1.0327839756591837,2015,0.7011514005843317,-1.347310534456113,True,,,,16.0,False,False,False,False,False,False,False,False,False,False,False
EURUSD,2015_B,2015-08-24T02:30:00+00:00,M15_FLAG_PENNANT,BULL_PENNANT,LONG,1.14732,1.1420685,52.514999999999645,ACTIVE_SHALLOW,0.0,LOSS,-1.0,0.4779586784728228,1.009235456536208,14,M15_FLAG_PENNANT|2015-08-24T02:30:00+00:00|1.14732,16.657142857143178,3.1527015437391976,2015,0.47795867847282286,-1.009235456536208,True,,,,2.5,False,False,False,False,False,False,False,False,False,False,False
EURUSD,2017_A,2017-01-17T04:00:00+00:00,M15_FLAG_PENNANT,BULL_FLAG,LONG,1.06353,1.06133375,21.962500000001217,ACTIVE_SHALLOW,0.0,WIN,2.0,2.058053500284397,0.1365964712579043,22,M15_FLAG_PENNANT|2017-01-17T04:00:00+00:00|1.06353,7.135714285714403,3.077827827827948,2017,3.815594763801647,-1.479795105293121,True,22.0,-1.479795105293121,3.815594763801647,4.0,True,True,True,True,True,False,False,True,True,False,False
EURUSD,2017_A,2017-01-17T05:45:00+00:00,M15_FLAG_PENNANT,BULL_FLAG,LONG,1.06575,1.0638085000000002,19.414999999998184,ACTIVE_SHALLOW,2.7397,WIN,2.0,2.3074942055114387,0.8756116404842615,22,M15_FLAG_PENNANT|2017-01-17T05:45:00+00:00|1.06575,8.057142857142827,2.4096631205671595,2017,3.172804532578171,-1.4061292814834687,True,22.0,-1.4061292814834687,3.172804532578171,5.75,True,True,True,True,True,False,False,True,True,False,False
EURUSD,2017_A,2017-01-23T03:00:00+00:00,M15_FLAG_PENNANT,BULL_FLAG,LONG,1.0748,1.0737035,10.964999999998335,ACTIVE_SHALLOW,0.0,LOSS,-1.0,0.1732786137710362,1.003191974464246,7,M15_FLAG_PENNANT|2017-01-23T03:00:00+00:00|1.0748,7.828571428571803,1.4006386861311075,2017,0.17327861377100118,-1.0031919744640427,True,,,,3.0,False,False,False,False,False,False,False,False,False,False,False
EURUSD,2017_A,2017-01-26T14:15:00+00:00,M15_FLAG_PENNANT,BEAR_FLAG,SHORT,1.06832,1.070856,25.360000000000937,ACTIVE_SHALLOW,0.0,LOSS,-1.0,1.009463722397398,1.648264984227097,95,M15_FLAG_PENNANT|2017-01-26T14:15:00+00:00|1.06832,11.957142857142523,2.12090800477911,2017,1.009463722397398,-1.648264984227097,True,,,,14.25,True,False,False,False,False,False,False,False,False,False,False
EURUSD,2017_A,2017-01-26T15:45:00+00:00,M15_FLAG_PENNANT,BEAR_FLAG,SHORT,1.06712,1.06949425,23.74249999999911,ACTIVE_SHALLOW,1.3013,LOSS,-1.0,0.5728124670949052,1.0571759503001394,9,M15_FLAG_PENNANT|2017-01-26T15:45:00+00:00|1.06712,13.228571428571335,1.7947894168465977,2017,0.5728124670949052,-1.0571759503001394,True,,,,15.75,False,False,False,False,False,False,False,False,False,False,False
EURUSD,2018_A,2018-10-15T10:45:00+00:00,M15_FLAG_PENNANT,BULL_FLAG,LONG,1.15988,1.1583260000000002,15.539999999998331,ACTIVE_SHALLOW,3.2787,LOSS,-1.0,0.0257400257400542,1.3449163449164412,4,M15_FLAG_PENNANT|2018-10-15T10:45:00+00:00|1.15988,7.507142857142553,2.0700285442434394,2018,0.09009009009011841,-1.3449163449164412,True,,,,10.75,False,False,False,False,False,False,False,False,False,False,False
GBPUSD,2018_A,2018-10-16T08:30:00+00:00,M15_FLAG_PENNANT,BULL_FLAG,LONG,1.32012,1.3177564999999998,23.63500000000185,ACTIVE_SHALLOW,0.0,LOSS,-1.0,1.4808546646921028,1.2904590649459524,34,M15_FLAG_PENNANT|2018-10-16T08:30:00+00:00|1.32012,12.692857142857664,1.8620709060214533,2018,1.4808546646921028,-1.2904590649459524,True,,,,8.5,True,False,False,False,False,False,False,False,False,False,False
GBPUSD,2018_A,2018-10-16T11:45:00+00:00,M15_FLAG_PENNANT,BULL_FLAG,LONG,1.32266,1.32119,14.699999999998605,ACTIVE_SHALLOW,3.9024,LOSS,-1.0,0.1292517006803759,1.258503401360601,3,M15_FLAG_PENNANT|2018-10-16T11:45:00+00:00|1.32266,12.242857142857094,1.200700116686005,2018,0.2721088435374109,-1.2585034013606007,True,,,,11.75,False,False,False,False,False,False,False,False,False,False,False
EURUSD,2018_A,2018-10-25T15:00:00+00:00,M15_FLAG_PENNANT,BEAR_FLAG,SHORT,1.13717,1.138783,16.129999999998645,ACTIVE_SHALLOW,1.6155,WIN,2.0,2.2132672039679933,0.7377557346559978,82,M15_FLAG_PENNANT|2018-10-25T15:00:00+00:00|1.13717,14.542857142856937,1.109135559921337,2018,2.2442653440792077,-1.4073155610662569,True,82.0,-1.4073155610662569,2.2442653440792077,15.0,True,True,True,False,False,False,False,False,False,False,False
EURUSD,2019_A,2019-01-07T01:30:00+00:00,M15_FLAG_PENNANT,BULL_FLAG,LONG,1.14196,1.14034,16.199999999999548,ACTIVE_LATCHED_RECOVERY,0.0,WIN,2.0,2.0370370370370066,0.5925925925926535,47,M15_FLAG_PENNANT|2019-01-07T01:30:00+00:00|1.14196,4.764285714286157,3.400299850074552,2019,9.2654320987644,-0.5925925925925722,False,47.0,0.16049382716043123,9.2654320987644,1.5,True,True,True,True,True,True,True,True,True,True,True
EURUSD,2019_A,2019-01-07T13:15:00+00:00,M15_FLAG_PENNANT,BULL_FLAG,LONG,1.14517,1.14356125,16.087499999999366,ACTIVE_LATCHED_RECOVERY,0.0,WIN,2.0,2.0326340326340406,0.2797202797203289,44,M15_FLAG_PENNANT|2019-01-07T13:15:00+00:00|1.14517,6.407142857142643,2.510869565217376,2019,2.0326340326340406,-1.0318570318570692,True,44.0,-1.0318570318570692,2.0326340326340406,13.25,True,True,True,False,False,False,False,False,False,False,False
EURUSD,2019_A,2019-01-07T18:00:00+00:00,M15_FLAG_PENNANT,BULL_FLAG,LONG,1.14797,1.14556575,24.042499999998856,ACTIVE_LATCHED_RECOVERY,0.0,LOSS,-1.0,0.1954871581574265,1.0647811167723895,30,M15_FLAG_PENNANT|2019-01-07T18:00:00+00:00|1.14797,8.650000000000205,2.7794797687859294,2019,0.19548715815742657,-1.0647811167723895,True,,,,18.0,False,False,False,False,False,False,False,False,False,False,False
EURUSD,2019_A,2019-01-17T07:15:00+00:00,M15_FLAG_PENNANT,BEAR_FLAG,SHORT,1.1377,1.1399,21.9999999999998,ACTIVE_LATCHED_RECOVERY,0.0,LOSS,-1.0,0.2409090909090565,1.1136363636364026,8,M15_FLAG_PENNANT|2019-01-17T07:15:00+00:00|1.1377,5.642857142856997,3.898734177215255,2019,0.25909090909089305,-1.1136363636364026,True,,,,7.25,False,False,False,False,False,False,False,False,False,False,False
EURUSD,2019_B,2019-08-05T11:45:00+00:00,M15_FLAG_PENNANT,BULL_FLAG,LONG,1.11795,1.11585175,20.98249999999968,ACTIVE_SHALLOW,1.1696,WIN,2.0,2.220898367687444,0.4527582509233984,44,M15_FLAG_PENNANT|2019-08-05T11:45:00+00:00|1.11795,7.099999999999566,2.9552816901409806,2019,3.345645180507629,-0.8387942332896511,False,44.0,-0.8387942332896511,3.345645180507629,11.75,True,True,True,True,True,False,False,True,True,False,False
EURUSD,2019_B,2019-08-05T23:00:00+00:00,M15_FLAG_PENNANT,BULL_FLAG,LONG,1.12309,1.1212000000000002,18.89999999999725,ACTIVE_SHALLOW,0.0,LOSS,-1.0,0.9947089947091944,1.1269841269842724,19,M15_FLAG_PENNANT|2019-08-05T23:00:00+00:00|1.12309,6.085714285714504,3.1056338028163384,2019,0.9947089947091943,-1.1269841269842724,True,,,,23.0,False,False,False,False,False,False,False,False,False,False,False
GBPUSD,2020_A,2020-10-01T05:45:00+00:00,M15_FLAG_PENNANT,BULL_FLAG,LONG,1.29423,1.29337,8.599999999998609,ACTIVE_SHALLOW,2.5586,LOSS,-1.0,0.8953488372093744,1.9302325581398407,5,M15_FLAG_PENNANT|2020-10-01T05:45:00+00:00|1.29423,4.657142857142915,1.846625766870844,2020,0.8953488372091432,-1.9302325581393427,True,,,,5.75,False,False,False,False,False,False,False,False,False,False,False
EURUSD,2021_A,2021-05-03T04:15:00+00:00,M15_FLAG_PENNANT,BEAR_FLAG,SHORT,1.20181,1.20251,6.999999999999229,ACTIVE_SHALLOW,1.5489,LOSS,-1.0,0.7285714285715237,3.0857142857145394,10,M15_FLAG_PENNANT|2021-05-03T04:15:00+00:00|1.20181,3.5714285714286538,1.9599999999997388,2021,0.7285714285715237,-3.0857142857145394,True,,,,4.25,False,False,False,False,False,False,False,False,False,False,False
EURUSD,2021_A,2021-05-04T08:45:00+00:00,M15_FLAG_PENNANT,BEAR_FLAG,SHORT,1.20032,1.20231,19.899999999999363,ACTIVE_SHALLOW,1.4885,LOSS,-1.0,0.2160804020101338,1.0804020100502227,13,M15_FLAG_PENNANT|2021-05-04T08:45:00+00:00|1.20032,7.021428571428416,2.8341810783316097,2021,0.2160804020101338,-1.0804020100502227,True,,,,8.75,False,False,False,False,False,False,False,False,False,False,False
EURUSD,2021_A,2021-05-05T06:45:00+00:00,M15_FLAG_PENNANT,BEAR_FLAG,SHORT,1.19996,1.2018399999999998,18.799999999998818,ACTIVE_SHALLOW,15.9251,LOSS,-1.0,0.7287234042552966,1.0691489361703157,16,M15_FLAG_PENNANT|2021-05-05T06:45:00+00:00|1.19996,4.18571428571411,4.491467576791715,2021,0.7287234042552966,-1.0691489361703157,True,,,,6.75,False,False,False,False,False,False,False,False,False,False,False
