symbol,window,time,agent,pattern,direction,entry,stop,stop_pips,fib_state,fib_pct,outcome,R,mfe_R,mae_R,bars_to_resolution,event_id,atr_pips,stop_atr,year,atr_pips_calc,stop_atr_calc,first2_idx,pre2_mae_calc,post2_maxR,post2_minR,stopped_after2,bars_after2_to_stop,hour_utc,trail2R_R,baseline_R
GBPUSD,2014_A,2014-02-03 09:15:00+00:00,M15_FLAG_PENNANT,BEAR_PENNANT,SHORT,1.63753,1.640627,30.970000000001274,ACTIVE_SHALLOW,0.0,WIN,2.0,2.0762027768807463,0.2034226670972246,29,M15_FLAG_PENNANT|2014-02-03T09:15:00+00:00|1.63753,13.835714285714364,2.238409912235495,2014,11.092857142857174,2.79188667095954,,-1.185017759121702,,,False,,9.25,2.832741362608762,2.0
GBPUSD,2014_A,2014-02-03 17:15:00+00:00,M15_FLAG_PENNANT,BEAR_FLAG,SHORT,1.62964,1.63310375,34.63750000000098,ACTIVE_SHALLOW,0.0,LOSS,-1.0,1.1490436665463035,1.3049440635149625,65,M15_FLAG_PENNANT|2014-02-03T17:15:00+00:00|1.62964,13.48571428571445,2.56845868644072,2014,13.09285714285727,2.6455264593562964,,-1.3049440635149625,,,False,,17.25,-1.0,-1.0
EURUSD,2015_A,2015-03-09 03:30:00+00:00,M15_FLAG_PENNANT,BEAR_FLAG,SHORT,1.08368,1.08456,8.799999999999919,ACTIVE_SHALLOW,0.2113,LOSS,-1.0,0.0681818181817608,1.7045454545455347,10,M15_FLAG_PENNANT|2015-03-09T03:30:00+00:00|1.08368,4.635714285714362,1.898305084745714,2015,4.950000000000074,1.777777777777735,,-1.7045454545455347,,,False,,3.5,-1.0,-1.0
EURUSD,2015_A,2015-03-10 03:00:00+00:00,M15_FLAG_PENNANT,BEAR_FLAG,SHORT,1.08026,1.0834899999999998,32.29999999999844,ACTIVE_SHALLOW,0.0,WIN,2.0,2.1052631578948127,0.653250773993857,23,M15_FLAG_PENNANT|2015-03-10T03:00:00+00:00|1.08026,7.171428571428764,4.5039840637446815,2015,6.328571428571493,5.103837471782997,43841.0,-0.73374613003099,10.53250773993857,0.2941176470588397,False,,3.0,1.2414860681115365,2.0
EURUSD,2015_A,2015-03-10 06:15:00+00:00,M15_FLAG_PENNANT,BEAR_FLAG,SHORT,1.07936,1.0803455,9.854999999998617,ACTIVE_SHALLOW,3.613,LOSS,-1.0,0.5175038051751214,1.998985286656603,4,M15_FLAG_PENNANT|2015-03-10T06:15:00+00:00|1.07936,8.900000000000256,1.1073033707863291,2015,8.835714285714598,1.1153597413094238,,-1.998985286656603,,,False,,6.25,-1.0,-1.0
EURUSD,2015_A,2015-03-10 11:15:00+00:00,M15_FLAG_PENNANT,BEAR_FLAG,SHORT,1.07415,1.0771259999999998,29.75999999999868,ACTIVE_SHALLOW,2.3703,LOSS,-1.0,0.6518817204300796,1.2466397849463262,5,M15_FLAG_PENNANT|2015-03-10T11:15:00+00:00|1.07415,16.935714285714212,1.7572332349219033,2015,17.1142857142857,1.738898163605934,,-1.2466397849463262,,,False,,11.25,-1.0,-1.0
EURUSD,2015_A,2015-03-10 18:45:00+00:00,M15_FLAG_PENNANT,BEAR_FLAG,SHORT,1.0697,1.07275325,30.532499999997853,ACTIVE_SHALLOW,1.232,WIN,2.0,2.656186031278353,0.6550397117825735,58,M15_FLAG_PENNANT|2015-03-10T18:45:00+00:00|1.0697,12.499999999999892,2.4425999999998496,2015,12.714285714285584,2.4014325842696933,43939.0,-0.6550397117825258,7.683615819209033,0.4356014083353967,False,,18.75,3.4870220257103126,2.0
EURUSD,2015_A,2015-03-11 04:00:00+00:00,M15_FLAG_PENNANT,BEAR_FLAG,SHORT,1.06672,1.06904,23.200000000001,ACTIVE_SHALLOW,0.0,LOSS,-1.0,0.0689655172413496,1.1077586206896866,6,M15_FLAG_PENNANT|2015-03-11T04:00:00+00:00|1.06672,7.657142857142743,3.029850746268832,2015,7.199999999999747,3.222222222222474,,-1.1077586206896866,,,False,,4.0,-1.0,-1.0
EURUSD,2015_A,2015-03-11 09:15:00+00:00,M15_FLAG_PENNANT,BEAR_FLAG,SHORT,1.06191,1.0665619999999998,46.51999999999878,ACTIVE_SHALLOW,0.0,WIN,2.0,2.08082545141878,0.1913155631986416,33,M15_FLAG_PENNANT|2015-03-11T09:15:00+00:00|1.06191,16.478571428571215,2.823060251408718,2015,14.67857142857116,3.1692457420924325,43972.0,-0.5717970765262632,2.689165950129004,-1.388650042992326,True,76.0,9.25,1.689165950129004,2.0
EURUSD,2015_A,2015-03-11 10:30:00+00:00,M15_FLAG_PENNANT,BEAR_FLAG,SHORT,1.05622,1.06254075,63.20749999999986,ACTIVE_SHALLOW,0.0,LOSS,-1.0,0.0015820907328787,1.041015702250531,7,M15_FLAG_PENNANT|2015-03-11T10:30:00+00:00|1.05622,20.614285714285312,3.0661988911989444,2015,21.0857142857138,2.997645663956701,,-1.041015702250531,,,False,,10.5,-1.0,-1.0
EURUSD,2015_B,2015-08-20 00:00:00+00:00,M15_FLAG_PENNANT,BULL_FLAG,LONG,1.11396,1.11138,25.800000000000267,ACTIVE_SHALLOW,0.0,LOSS,-1.0,0.3410852713178228,1.25581395348841,31,M15_FLAG_PENNANT|2015-08-20T00:00:00+00:00|1.11396,5.249999999999977,4.9142857142857865,2015,3.792857142857248,6.802259887005531,,-1.25581395348841,,,False,,0.0,-1.0,-1.0
EURUSD,2015_B,2015-08-20 10:45:00+00:00,M15_FLAG_PENNANT,BULL_FLAG,LONG,1.11766,1.11501275,26.47250000000101,ACTIVE_SHALLOW,0.2589,WIN,2.0,2.519595806969383,0.9330437246199264,37,M15_FLAG_PENNANT|2015-08-20T10:45:00+00:00|1.11766,13.28571428571425,1.9925537634409416,2015,13.342857142857165,1.984020342612492,55115.0,-0.9330437246199264,20.296534139200222,1.9869676078948415,False,,10.75,3.4687883652845617,2.0
EURUSD,2015_B,2015-08-20 12:00:00+00:00,M15_FLAG_PENNANT,BULL_FLAG,LONG,1.11835,1.1164915000000002,18.58499999999763,ACTIVE_SHALLOW,0.0,LOSS,-1.0,0.0645682001614933,1.059994619316803,2,M15_FLAG_PENNANT|2015-08-20T12:00:00+00:00|1.11835,12.19999999999967,1.523360655737552,2015,12.199999999999672,1.5233606557375516,,-1.059994619316803,,,False,,12.0,-1.0,-1.0
EURUSD,2015_B,2015-08-20 16:00:00+00:00,M15_FLAG_PENNANT,BULL_FLAG,LONG,1.12028,1.11882525,14.547499999999491,ACTIVE_SHALLOW,8.9854,LOSS,-1.0,0.7011514005843317,1.347310534456113,7,M15_FLAG_PENNANT|2015-08-20T16:00:00+00:00|1.12028,14.085714285714417,1.0327839756591837,2015,14.04285714285731,1.0359359104780796,,-1.347310534456113,,,False,,16.0,-1.0,-1.0
EURUSD,2015_B,2015-08-24 02:30:00+00:00,M15_FLAG_PENNANT,BULL_PENNANT,LONG,1.14732,1.1420685,52.514999999999645,ACTIVE_SHALLOW,0.0,LOSS,-1.0,0.4779586784728228,1.009235456536208,14,M15_FLAG_PENNANT|2015-08-24T02:30:00+00:00|1.14732,16.657142857143178,3.1527015437391976,2015,14.592857142857424,3.5986784140968227,,-1.009235456536208,,,False,,2.5,-1.0,-1.0
EURUSD,2017_A,2017-01-17 04:00:00+00:00,M15_FLAG_PENNANT,BULL_FLAG,LONG,1.06353,1.06133375,21.962500000001217,ACTIVE_SHALLOW,0.0,WIN,2.0,2.058053500284397,0.1365964712579043,22,M15_FLAG_PENNANT|2017-01-17T04:00:00+00:00|1.06353,7.135714285714403,3.077827827827948,2017,6.721428571428671,3.267534537725956,90238.0,-0.5737051792828545,3.815594763801647,-1.479795105293121,True,208.0,4.0,1.1172453044961017,2.0
EURUSD,2017_A,2017-01-17 05:45:00+00:00,M15_FLAG_PENNANT,BULL_FLAG,LONG,1.06575,1.0638085000000002,19.414999999998184,ACTIVE_SHALLOW,2.7397,WIN,2.0,2.3074942055114387,0.8756116404842615,22,M15_FLAG_PENNANT|2017-01-17T05:45:00+00:00|1.06575,8.057142857142827,2.4096631205671595,2017,7.385714285714297,2.6287234042550693,90245.0,-0.8756116404842615,3.172804532578171,-1.4061292814834687,True,132.0,5.75,2.172804532578171,2.0
EURUSD,2017_A,2017-01-23 03:00:00+00:00,M15_FLAG_PENNANT,BULL_FLAG,LONG,1.0748,1.0737035,10.964999999998335,ACTIVE_SHALLOW,0.0,LOSS,-1.0,0.1732786137710362,1.003191974464246,7,M15_FLAG_PENNANT|2017-01-23T03:00:00+00:00|1.0748,7.828571428571803,1.4006386861311075,2017,8.078571428571856,1.35729442970822,,-1.0031919744640427,,,False,,3.0,-1.0,-1.0
EURUSD,2017_A,2017-01-26 14:15:00+00:00,M15_FLAG_PENNANT,BEAR_FLAG,SHORT,1.06832,1.070856,25.360000000000937,ACTIVE_SHALLOW,0.0,LOSS,-1.0,1.009463722397398,1.648264984227097,95,M15_FLAG_PENNANT|2017-01-26T14:15:00+00:00|1.06832,11.957142857142523,2.12090800477911,2017,11.142857142856869,2.2758974358975763,,-1.648264984227097,,,False,,14.25,-1.0,-1.0
EURUSD,2017_A,2017-01-26 15:45:00+00:00,M15_FLAG_PENNANT,BEAR_FLAG,SHORT,1.06712,1.06949425,23.74249999999911,ACTIVE_SHALLOW,1.3013,LOSS,-1.0,0.5728124670949052,1.0571759503001394,9,M15_FLAG_PENNANT|2017-01-26T15:45:00+00:00|1.06712,13.228571428571335,1.7947894168465977,2017,13.199999999999878,1.7986742424241915,,-1.0571759503001394,,,False,,15.75,-1.0,-1.0
EURUSD,2018_A,2018-10-15 10:45:00+00:00,M15_FLAG_PENNANT,BULL_FLAG,LONG,1.15988,1.1583260000000002,15.539999999998331,ACTIVE_SHALLOW,3.2787,LOSS,-1.0,0.0257400257400542,1.3449163449164412,4,M15_FLAG_PENNANT|2018-10-15T10:45:00+00:00|1.15988,7.507142857142553,2.0700285442434394,2018,7.599999999999829,2.04473684210509,,-1.3449163449164412,,,False,,10.75,-1.0,-1.0
GBPUSD,2018_A,2018-10-16 08:30:00+00:00,M15_FLAG_PENNANT,BULL_FLAG,LONG,1.32012,1.3177564999999998,23.63500000000185,ACTIVE_SHALLOW,0.0,LOSS,-1.0,1.4808546646921028,1.2904590649459524,34,M15_FLAG_PENNANT|2018-10-16T08:30:00+00:00|1.32012,12.692857142857664,1.8620709060214533,2018,11.70000000000036,2.020085470085566,,-1.2904590649459524,,,False,,8.5,-1.0,-1.0
GBPUSD,2018_A,2018-10-16 11:45:00+00:00,M15_FLAG_PENNANT,BULL_FLAG,LONG,1.32266,1.32119,14.699999999998605,ACTIVE_SHALLOW,3.9024,LOSS,-1.0,0.1292517006803759,1.258503401360601,3,M15_FLAG_PENNANT|2018-10-16T11:45:00+00:00|1.32266,12.242857142857094,1.200700116686005,2018,12.085714285714475,1.2163120567374537,,-1.258503401360601,,,False,,11.75,-1.0,-1.0
EURUSD,2018_A,2018-10-25 15:00:00+00:00,M15_FLAG_PENNANT,BEAR_FLAG,SHORT,1.13717,1.138783,16.129999999998645,ACTIVE_SHALLOW,1.6155,WIN,2.0,2.2132672039679933,0.7377557346559978,82,M15_FLAG_PENNANT|2018-10-25T15:00:00+00:00|1.13717,14.542857142856937,1.109135559921337,2018,14.0857142857141,1.1451318458418616,134540.0,-0.7377557346558962,2.244265344079208,-1.4073155610662569,True,16.0,15.0,1.2442653440792077,2.0
EURUSD,2019_A,2019-01-07 01:30:00+00:00,M15_FLAG_PENNANT,BULL_FLAG,LONG,1.14196,1.14034,16.199999999999548,ACTIVE_LATCHED_RECOVERY,0.0,WIN,2.0,2.0370370370370066,0.5925925925926535,47,M15_FLAG_PENNANT|2019-01-07T01:30:00+00:00|1.14196,4.764285714286157,3.400299850074552,2019,4.578571428571765,3.5382215288612806,139288.0,-0.5925925925925722,9.2654320987644,0.1604938271604312,False,,1.5,2.277777777777374,2.0
EURUSD,2019_A,2019-01-07 13:15:00+00:00,M15_FLAG_PENNANT,BULL_FLAG,LONG,1.14517,1.14356125,16.087499999999366,ACTIVE_LATCHED_RECOVERY,0.0,WIN,2.0,2.0326340326340406,0.2797202797203289,44,M15_FLAG_PENNANT|2019-01-07T13:15:00+00:00|1.14517,6.407142857142643,2.510869565217376,2019,6.185714285714049,2.6007505773672026,139332.0,-0.5656565656565671,2.0,-1.0318570318570692,True,14.0,13.25,1.0,2.0
EURUSD,2019_A,2019-01-07 18:00:00+00:00,M15_FLAG_PENNANT,BULL_FLAG,LONG,1.14797,1.14556575,24.042499999998856,ACTIVE_LATCHED_RECOVERY,0.0,LOSS,-1.0,0.1954871581574265,1.0647811167723895,30,M15_FLAG_PENNANT|2019-01-07T18:00:00+00:00|1.14797,8.650000000000205,2.7794797687859294,2019,8.435714285714514,2.850084674004868,,-1.0647811167723895,,,False,,18.0,-1.0,-1.0
EURUSD,2019_A,2019-01-17 07:15:00+00:00,M15_FLAG_PENNANT,BEAR_FLAG,SHORT,1.1377,1.1399,21.9999999999998,ACTIVE_LATCHED_RECOVERY,0.0,LOSS,-1.0,0.2409090909090565,1.1136363636364026,8,M15_FLAG_PENNANT|2019-01-17T07:15:00+00:00|1.1377,5.642857142856997,3.898734177215255,2019,4.821428571428278,4.562962962963199,,-1.1136363636364026,,,False,,7.25,-1.0,-1.0
EURUSD,2019_B,2019-08-05 11:45:00+00:00,M15_FLAG_PENNANT,BULL_FLAG,LONG,1.11795,1.11585175,20.98249999999968,ACTIVE_SHALLOW,1.1696,WIN,2.0,2.220898367687444,0.4527582509233984,44,M15_FLAG_PENNANT|2019-08-05T11:45:00+00:00|1.11795,7.099999999999566,2.9552816901409806,2019,7.049999999999715,2.9762411347518483,153719.0,-0.4527582509233984,3.345645180507629,-0.8387942332896511,False,,11.75,2.345645180507629,2.0
EURUSD,2019_B,2019-08-05 23:00:00+00:00,M15_FLAG_PENNANT,BULL_FLAG,LONG,1.12309,1.1212000000000002,18.89999999999725,ACTIVE_SHALLOW,0.0,LOSS,-1.0,0.9947089947091944,1.1269841269842724,19,M15_FLAG_PENNANT|2019-08-05T23:00:00+00:00|1.12309,6.085714285714504,3.1056338028163384,2019,5.371428571428709,3.518617021275994,,-1.1269841269842724,,,False,,23.0,-1.0,-1.0
GBPUSD,2020_A,2020-10-01 05:45:00+00:00,M15_FLAG_PENNANT,BULL_FLAG,LONG,1.29423,1.29337,8.599999999998609,ACTIVE_SHALLOW,2.5586,LOSS,-1.0,0.8953488372093744,1.9302325581398407,5,M15_FLAG_PENNANT|2020-10-01T05:45:00+00:00|1.29423,4.657142857142915,1.846625766870844,2020,4.485714285714331,1.9171974522294648,,-1.9302325581393427,,,False,,5.75,-1.0,-1.0
EURUSD,2021_A,2021-05-03 04:15:00+00:00,M15_FLAG_PENNANT,BEAR_FLAG,SHORT,1.20181,1.20251,6.999999999999229,ACTIVE_SHALLOW,1.5489,LOSS,-1.0,0.7285714285715237,3.0857142857145394,10,M15_FLAG_PENNANT|2021-05-03T04:15:00+00:00|1.20181,3.5714285714286538,1.9599999999997388,2021,3.6285714285714095,1.9291338582675144,,-3.0857142857145394,,,False,,4.25,-1.0,-1.0
EURUSD,2021_A,2021-05-04 08:45:00+00:00,M15_FLAG_PENNANT,BEAR_FLAG,SHORT,1.20032,1.20231,19.899999999999363,ACTIVE_SHALLOW,1.4885,LOSS,-1.0,0.2160804020101338,1.0804020100502227,13,M15_FLAG_PENNANT|2021-05-04T08:45:00+00:00|1.20032,7.021428571428416,2.8341810783316097,2021,6.042857142856921,3.2931442080378406,,-1.0804020100502227,,,False,,8.75,-1.0,-1.0
EURUSD,2021_A,2021-05-05 06:45:00+00:00,M15_FLAG_PENNANT,BEAR_FLAG,SHORT,1.19996,1.2018399999999998,18.799999999998818,ACTIVE_SHALLOW,15.9251,LOSS,-1.0,0.7287234042552966,1.0691489361703157,16,M15_FLAG_PENNANT|2021-05-05T06:45:00+00:00|1.19996,4.18571428571411,4.491467576791715,2021,3.635714285713997,5.170923379174939,,-1.0691489361703157,,,False,,6.75,-1.0,-1.0
GBPUSD,2019_JAN,2019-01-24 00:30:00+00:00,M15_FLAG_PENNANT,BULL_FLAG,LONG,1.30926,1.3075500000000002,17.099999999998783,ACTIVE_SHALLOW,0.0,LOSS,-1.0,0.0701754385964365,1.0292397660819352,6,M15_FLAG_PENNANT|2019-01-24T00:30:00+00:00|1.30926,,,2019,4.835714285714087,3.5361890694238234,,-1.0292397660819352,,,False,,0.5,-1.0,-1.0
GBPUSD,2019_JAN,2019-01-24 23:30:00+00:00,M15_FLAG_PENNANT,BULL_FLAG,LONG,1.30801,1.3060465,19.63500000000007,ACTIVE_SHALLOW,5.1953,WIN,2.0,2.4446142093201533,0.0509294626941627,1,M15_FLAG_PENNANT|2019-01-24T23:30:00+00:00|1.30801,,,2019,5.978571428571579,3.284229390680561,140571.0,-0.4481792717087284,6.982429335371333,-1.232492997198947,True,276.0,23.5,1.0,2.0
GBPUSD,2020_JUL,2020-07-06 05:45:00+00:00,M15_FLAG_PENNANT,BULL_FLAG,LONG,1.24988,1.24902,8.60000000000083,ACTIVE_SHALLOW,1.2915,LOSS,-1.0,0.5813953488370892,1.058139534883838,3,M15_FLAG_PENNANT|2020-07-06T05:45:00+00:00|1.24988,,,2020,4.807142857143105,1.7890044576523834,,-1.058139534883838,,,False,,5.75,-1.0,-1.0
GBPUSD,2020_JUL,2020-07-09 06:00:00+00:00,M15_FLAG_PENNANT,BULL_FLAG,LONG,1.26384,1.262601,12.390000000002122,ACTIVE_SHALLOW,0.0,LOSS,-1.0,1.1299435028245408,1.0008071025019512,7,M15_FLAG_PENNANT|2020-07-09T06:00:00+00:00|1.26384,,,2020,5.8714285714288135,2.110218978102086,,-1.0008071025021306,,,False,,6.0,-1.0,-1.0
GBPUSD,2020_JUL,2020-07-21 07:00:00+00:00,M15_FLAG_PENNANT,BULL_FLAG,LONG,1.27053,1.267665,28.64999999999896,ACTIVE_SHALLOW,0.0,LOSS,-1.0,0.3699825479930539,1.158813263525344,3,M15_FLAG_PENNANT|2020-07-21T07:00:00+00:00|1.27053,,,2020,9.507142857142968,3.0135236664160834,,-1.158813263525344,,,False,,7.0,-1.0,-1.0
GBPUSD,2020_JUL,2020-07-21 17:30:00+00:00,M15_FLAG_PENNANT,BULL_FLAG,LONG,1.27555,1.27334225,22.077499999999528,ACTIVE_SHALLOW,0.0,LOSS,-1.0,0.5616577963991196,1.1097270977239797,9,M15_FLAG_PENNANT|2020-07-21T17:30:00+00:00|1.27555,,,2020,11.65714285714262,1.893903186274508,,-1.1097270977239797,,,False,,17.5,-1.0,-1.0
GBPUSD,2020_JUL,2020-07-27 02:30:00+00:00,M15_FLAG_PENNANT,BULL_PENNANT,LONG,1.28402,1.28208,19.399999999998307,ACTIVE_SHALLOW,0.0,LOSS,-1.0,0.9381443298970688,1.0,13,M15_FLAG_PENNANT|2020-07-27T02:30:00+00:00|1.28402,,,2020,7.692857142857264,2.521819870009025,,-1.0,,,False,,2.5,-1.0,-1.0
GBPUSD,2020_JUL,2020-07-27 22:45:00+00:00,M15_FLAG_PENNANT,BULL_FLAG,LONG,1.28912,1.28792725,11.927499999999648,ACTIVE_SHALLOW,6.2366,LOSS,-1.0,0.0083839865856766,1.7522531963950612,2,M15_FLAG_PENNANT|2020-07-27T22:45:00+00:00|1.28912,,,2020,7.571428571428372,1.57533018867924,,-1.7522531963950612,,,False,,22.75,-1.0,-1.0
GBPUSD,2020_JUL,2020-07-28 15:45:00+00:00,M15_FLAG_PENNANT,BULL_PENNANT,LONG,1.29486,1.29136175,34.98249999999814,ACTIVE_SHALLOW,0.0,LOSS,-1.0,0.1114843135854021,1.057671692989355,39,M15_FLAG_PENNANT|2020-07-28T15:45:00+00:00|1.29486,,,2020,16.62142857142866,2.104662655779851,,-1.057671692989355,,,False,,15.75,-1.0,-1.0
GBPUSD,2020_JUL,2020-07-29 12:45:00+00:00,M15_FLAG_PENNANT,BULL_FLAG,LONG,1.2979,1.2955375,23.62500000000045,ACTIVE_SHALLOW,1.9447,LOSS,-1.0,0.6730158730158519,1.0201058201058104,9,M15_FLAG_PENNANT|2020-07-29T12:45:00+00:00|1.2979,,,2020,10.02142857142872,2.357448325017829,,-1.0201058201058104,,,False,,12.75,-1.0,-1.0
GBPUSD,2020_JUL,2020-07-30 09:30:00+00:00,M15_FLAG_PENNANT,BULL_FLAG,LONG,1.30035,1.29729725,30.52749999999937,ACTIVE_SHALLOW,3.3052,WIN,2.0,2.0145770207190976,0.3439521742691072,20,M15_FLAG_PENNANT|2020-07-30T09:30:00+00:00|1.30035,,,2020,13.65000000000029,2.236446886446793,178290.0,-0.5503234788305423,5.870117107526173,-0.74031610842682,False,,9.5,1.2438784702318118,2.0
GBPUSD,2020_JUL,2020-07-30 18:45:00+00:00,M15_FLAG_PENNANT,BULL_FLAG,LONG,1.309,1.307143,18.56999999999997,ACTIVE_SHALLOW,0.1071,WIN,2.0,2.477113624125022,0.850834679590693,21,M15_FLAG_PENNANT|2020-07-30T18:45:00+00:00|1.309,,,2020,10.757142857142592,1.7262948207171716,178328.0,-0.850834679590693,4.302638664512749,-1.0231556273559588,True,80.0,18.75,1.2670974690361079,2.0
