symbol,window,time,agent,pattern,direction,entry,stop,stop_pips,fib_state,fib_pct,outcome,R,mfe_R,mae_R,bars_to_resolution,event_id
EURUSD,2014_A,2014-02-04T01:00:00+00:00,M15_HEAD_SHOULDERS,HEAD_SHOULDERS,SHORT,1.3518,1.35273,9.300000000000974,ACTIVE_PRIMARY_CORRECTION,52.4422,LOSS,-1.0,1.505376344085698,2.2043010752687016,20,M15_HEAD_SHOULDERS|2014-02-04T01:00:00+00:00|1.3518
EURUSD,2014_A,2014-02-04T01:15:00+00:00,M15_TRIANGLE_WEDGE,SYMMETRICAL_TRIANGLE,SHORT,1.35173,1.3531749999999998,14.449999999996965,ACTIVE_PRIMARY_CORRECTION,51.5424,LOSS,-1.0,0.9204152249137251,1.4671280276818996,19,M15_TRIANGLE_WEDGE|2014-02-04T01:15:00+00:00|1.35173
EURUSD,2014_A,2014-02-04T02:15:00+00:00,M15_CHANNEL,,SHORT,1.35145,1.352995,15.449999999999076,ACTIVE_PRIMARY_CORRECTION,47.6864,LOSS,-1.0,0.6796116504854746,1.5533980582524927,15,M15_CHANNEL|2014-02-04T02:00:00+00:00|1.35145
EURUSD,2014_A,2014-02-04T02:30:00+00:00,M15_TRIANGLE_WEDGE,SYMMETRICAL_TRIANGLE,SHORT,1.351,1.3531749999999998,21.74999999999816,ACTIVE_PRIMARY_CORRECTION,42.1594,LOSS,-1.0,0.2758620689655102,1.3103448275863265,14,M15_TRIANGLE_WEDGE|2014-02-04T02:30:00+00:00|1.351
EURUSD,2018_A,2018-10-15T10:45:00+00:00,M15_FLAG_PENNANT,BULL_FLAG,LONG,1.15988,1.1583260000000002,15.539999999998333,ACTIVE_SHALLOW,3.2787,LOSS,-1.0,0.025740025740054243,1.3449163449164412,4,M15_FLAG_PENNANT|2018-10-15T10:45:00+00:00|1.15988
EURUSD,2018_A,2018-10-25T13:15:00+00:00,M15_TRIANGLE_WEDGE,SYMMETRICAL_TRIANGLE,SHORT,1.13887,1.1420212499999998,31.512499999997168,ACTIVE_LATCHED_RECOVERY,7.1221,LOSS,-1.0,1.6882189607300182,1.0218167393892232,123,M15_TRIANGLE_WEDGE|2018-10-25T13:15:00+00:00|1.13887
EURUSD,2018_A,2018-10-25T15:00:00+00:00,M15_FLAG_PENNANT,BEAR_FLAG,SHORT,1.13717,1.1387829999999999,16.129999999998645,ACTIVE_SHALLOW,1.6155,WIN,2.0,2.2132672039679933,0.7377557346559978,82,M15_FLAG_PENNANT|2018-10-25T15:00:00+00:00|1.13717
EURUSD,2018_A,2018-10-26T11:30:00+00:00,M15_FLAG_PENNANT,BEAR_FLAG,SHORT,1.13362,1.136144,25.239999999999707,ACTIVE_SHALLOW,0.0,LOSS,-1.0,0.027733755942953766,1.2242472266244346,10,M15_FLAG_PENNANT|2018-10-26T11:30:00+00:00|1.13362
EURUSD,2021_A,2021-05-03T04:15:00+00:00,M15_FLAG_PENNANT,BEAR_FLAG,SHORT,1.20181,1.20251,6.999999999999229,ACTIVE_SHALLOW,1.5489,LOSS,-1.0,0.7285714285715237,3.0857142857145394,10,M15_FLAG_PENNANT|2021-05-03T04:15:00+00:00|1.20181
EURUSD,2021_A,2021-05-03T12:45:00+00:00,M15_HEAD_SHOULDERS,HEAD_SHOULDERS,SHORT,1.2043,1.2054999999999998,11.999999999998678,ACTIVE_LATCHED_RECOVERY,28.0899,LOSS,-1.0,0.05833333333335184,1.4333333333336293,4,M15_HEAD_SHOULDERS|2021-05-03T12:45:00+00:00|1.2043
EURUSD,2021_A,2021-05-03T22:15:00+00:00,M15_TRIANGLE_WEDGE,DESCENDING_TRIANGLE,SHORT,1.20601,1.206735,7.249999999998646,ACTIVE_PRIMARY_CORRECTION,44.1011,WIN,2.0,2.0413793103451066,0.1379310344827692,16,M15_TRIANGLE_WEDGE|2021-05-03T22:15:00+00:00|1.20601
EURUSD,2021_A,2021-05-04T08:45:00+00:00,M15_FLAG_PENNANT,BEAR_FLAG,SHORT,1.20032,1.20231,19.899999999999363,ACTIVE_SHALLOW,1.4885,LOSS,-1.0,0.2160804020101338,1.0804020100502227,13,M15_FLAG_PENNANT|2021-05-04T08:45:00+00:00|1.20032
EURUSD,2021_A,2021-05-05T05:45:00+00:00,M15_TRIANGLE_WEDGE,RISING_WEDGE,SHORT,1.20121,1.2025799999999998,13.699999999996493,ACTIVE_LATCHED_RECOVERY,17.1206,LOSS,-1.0,1.912408759124626,1.160583941606122,101,M15_TRIANGLE_WEDGE|2021-05-05T05:45:00+00:00|1.20121
EURUSD,2021_A,2021-05-05T06:45:00+00:00,M15_FLAG_PENNANT,BEAR_FLAG,SHORT,1.19996,1.2018399999999998,18.799999999998818,ACTIVE_SHALLOW,15.9251,LOSS,-1.0,0.7287234042552966,1.0691489361703157,16,M15_FLAG_PENNANT|2021-05-05T06:45:00+00:00|1.19996
EURUSD,2021_A,2021-05-05T12:15:00+00:00,M15_IMPULSE_CORRECTION,,SHORT,1.19955,1.2020899999999999,25.399999999999867,ACTIVE_LATCHED_RECOVERY,19.3548,LOSS,-1.0,0.17322834645669222,1.2795275590552024,75,M15_IMPULSE_CORRECTION|2021-05-05T12:15:00+00:00|1.19955
GBPUSD,2014_A,2014-02-03T09:15:00+00:00,M15_FLAG_PENNANT,BEAR_PENNANT,SHORT,1.63753,1.640627,30.970000000001274,ACTIVE_SHALLOW,0.0,WIN,2.0,2.0762027768807463,0.2034226670972246,29,M15_FLAG_PENNANT|2014-02-03T09:15:00+00:00|1.63753
GBPUSD,2014_A,2014-02-03T17:15:00+00:00,M15_FLAG_PENNANT,BEAR_FLAG,SHORT,1.62964,1.63310375,34.63750000000098,ACTIVE_SHALLOW,0.0,LOSS,-1.0,1.1490436665463035,1.3049440635149623,65,M15_FLAG_PENNANT|2014-02-03T17:15:00+00:00|1.62964
GBPUSD,2014_A,2014-02-05T03:15:00+00:00,M15_TRIANGLE_WEDGE,DESCENDING_TRIANGLE,SHORT,1.63243,1.6339899999999998,15.599999999997838,ACTIVE_LATCHED_RECOVERY,29.628,LOSS,-1.0,0.20512820512829638,1.057692307692409,8,M15_TRIANGLE_WEDGE|2014-02-05T03:15:00+00:00|1.63243
GBPUSD,2014_A,2014-02-05T22:15:00+00:00,M15_TRIANGLE_WEDGE,DESCENDING_TRIANGLE,SHORT,1.63031,1.63234,20.299999999999763,ACTIVE_LATCHED_RECOVERY,27.4838,LOSS,-1.0,0.09359605911325847,1.0246305418719734,6,M15_TRIANGLE_WEDGE|2014-02-05T22:15:00+00:00|1.63031
GBPUSD,2014_A,2014-02-06T05:00:00+00:00,M15_TRIANGLE_WEDGE,SYMMETRICAL_TRIANGLE,SHORT,1.62996,1.6324049999999999,24.449999999998084,ACTIVE_LATCHED_RECOVERY,25.594,LOSS,-1.0,1.1124744376279219,1.1942740286299642,37,M15_TRIANGLE_WEDGE|2014-02-06T05:00:00+00:00|1.62996
GBPUSD,2014_A,2014-02-07T13:00:00+00:00,M15_HEAD_SHOULDERS,HEAD_SHOULDERS,SHORT,1.63264,1.6346515,20.11499999999833,ACTIVE_PRIMARY_CORRECTION,40.0648,LOSS,-1.0,0.01491424310226151,1.8742232165051664,1,M15_HEAD_SHOULDERS|2014-02-07T13:00:00+00:00|1.63264
GBPUSD,2016_A,2016-06-14T05:30:00+00:00,M15_TRIANGLE_WEDGE,SYMMETRICAL_TRIANGLE,SHORT,1.41753,1.421831,43.0100000000011,ACTIVE_LATCHED_RECOVERY,17.3264,WIN,2.0,2.011160195303377,0.3324808184143236,64,M15_TRIANGLE_WEDGE|2016-06-14T05:30:00+00:00|1.41753
GBPUSD,2016_A,2016-06-16T05:15:00+00:00,M15_TRIANGLE_WEDGE,SYMMETRICAL_TRIANGLE,SHORT,1.41613,1.4210074999999998,48.77499999999646,ACTIVE_LATCHED_RECOVERY,30.322,WIN,2.0,2.148641722193912,0.8939005638134774,35,M15_TRIANGLE_WEDGE|2016-06-16T05:15:00+00:00|1.41613
GBPUSD,2016_A,2016-06-16T10:45:00+00:00,M15_TRIANGLE_WEDGE,SYMMETRICAL_TRIANGLE,SHORT,1.41235,1.41921275,68.62750000000028,ACTIVE_LATCHED_RECOVERY,14.5128,LOSS,-1.0,1.6203416997559248,1.3595133146333498,23,M15_TRIANGLE_WEDGE|2016-06-16T10:45:00+00:00|1.41235
GBPUSD,2016_A,2016-06-16T13:00:00+00:00,M15_IMPULSE_CORRECTION,,SHORT,1.40974,1.4156157500000002,58.75750000000179,ACTIVE_LATCHED_RECOVERY,3.5968,LOSS,-1.0,1.4483257456494503,1.2168659320086408,13,M15_IMPULSE_CORRECTION|2016-06-16T13:00:00+00:00|1.40974
GBPUSD,2016_A,2016-06-24T03:45:00+00:00,M15_FLAG_PENNANT,BEAR_FLAG,SHORT,1.3447,1.4172770000000001,725.7700000000011,ACTIVE_SHALLOW,14.9748,UNRESOLVED,0.0,0.44945368367389177,0.7338412995852681,480,M15_FLAG_PENNANT|2016-06-24T03:30:00+00:00|1.3447
GBPUSD,2016_A,2016-06-24T10:30:00+00:00,M15_CHANNEL,,SHORT,1.37218,1.3942085,220.28500000000005,ACTIVE_PRIMARY_CORRECTION,48.2258,WIN,2.0,2.152665864675307,0.5238668089066483,91,M15_CHANNEL|2016-06-24T10:30:00+00:00|1.37218
GBPUSD,2018_A,2018-10-16T08:30:00+00:00,M15_FLAG_PENNANT,BULL_FLAG,LONG,1.32012,1.3177564999999998,23.63500000000185,ACTIVE_SHALLOW,0.0,LOSS,-1.0,1.4808546646921028,1.2904590649459524,34,M15_FLAG_PENNANT|2018-10-16T08:30:00+00:00|1.32012
GBPUSD,2018_A,2018-10-16T11:45:00+00:00,M15_FLAG_PENNANT,BULL_FLAG,LONG,1.32266,1.32119,14.699999999998603,ACTIVE_SHALLOW,3.9024,LOSS,-1.0,0.1292517006803759,1.2585034013606007,3,M15_FLAG_PENNANT|2018-10-16T11:45:00+00:00|1.32266
GBPUSD,2020_A,2020-10-01T05:45:00+00:00,M15_FLAG_PENNANT,BULL_FLAG,LONG,1.29423,1.2933700000000001,8.599999999998609,ACTIVE_SHALLOW,2.5586,LOSS,-1.0,0.8953488372093744,1.9302325581398412,5,M15_FLAG_PENNANT|2020-10-01T05:45:00+00:00|1.29423
