symbol,time,pattern,direction,entry,stop,stop_pips,baseline,baseline_mfe,cf_max_R_480,cf_min_R_480,sl_bar,hit_0.5R_bar,hit_1R_bar,hit_1.5R_bar,hit_2R_bar,hit_2.5R_bar,hit_3R_bar,hit_4R_bar,hit_5R_bar,min_R_after_1_before_2,lock1_after2_target2.5_R,lock1_after2_target2.5_why,lock1_after2_target3_R,lock1_after2_target3_why,lock1_after2_target4_R,lock1_after2_target4_why,lock1_after2_target5_R,lock1_after2_target5_why
GBPUSD,2014-02-03T09:15:00+00:00,BEAR_PENNANT,SHORT,1.63753,1.640627,30.970000000001274,WIN,2.0762027768807463,3.974814336454412,-1.6758153051339406,422.0,2,5.0,6.0,29.0,32.0,79.0,,,0.28414594769129986,2.5,TARGET,3.0,TARGET,1.0,LOCK,1.0,LOCK
GBPUSD,2014-02-03T17:15:00+00:00,BEAR_FLAG,SHORT,1.62964,1.63310375,34.63750000000098,LOSS,1.1490436665463035,1.2760736196318274,-3.7762540599060577,65.0,51,51.0,,,,,,,,-1.0,SL,-1.0,SL,-1.0,SL,-1.0,SL
EURUSD,2015-03-09T03:30:00+00:00,BEAR_FLAG,SHORT,1.08368,1.08456,8.799999999999919,LOSS,0.0681818181817608,42.545454545454845,-7.920454545454528,10.0,80,83.0,92.0,94.0,94.0,94.0,95.0,95.0,0.318181818181887,-1.0,SL,-1.0,SL,-1.0,SL,-1.0,SL
EURUSD,2015-03-10T03:00:00+00:00,BEAR_FLAG,SHORT,1.08026,1.0834899999999998,32.29999999999844,WIN,2.1052631578948127,10.53250773993857,-0.653250773993857,,2,22.0,22.0,23.0,50.0,51.0,72.0,117.0,1.3312693498452564,1.0,LOCK,1.0,LOCK,1.0,LOCK,1.0,LOCK
EURUSD,2015-03-10T06:15:00+00:00,BEAR_FLAG,SHORT,1.07936,1.0803455,9.854999999998617,LOSS,0.5175038051751214,33.60730593607782,-3.054287163876591,4.0,1,8.0,8.0,9.0,9.0,9.0,9.0,10.0,1.1364789446982926,-1.0,SL,-1.0,SL,-1.0,SL,-1.0,SL
EURUSD,2015-03-10T11:15:00+00:00,BEAR_FLAG,SHORT,1.07415,1.0771259999999998,29.75999999999868,LOSS,0.6518817204300796,9.37836021505414,-1.7338709677420305,5.0,5,17.0,30.0,39.0,68.0,83.0,88.0,91.0,0.5006720430107721,-1.0,SL,-1.0,SL,-1.0,SL,-1.0,SL
EURUSD,2015-03-10T18:45:00+00:00,BEAR_FLAG,SHORT,1.0697,1.07275325,30.532499999997853,WIN,2.656186031278353,7.683615819209033,-0.6550397117825258,,9,38.0,53.0,58.0,58.0,60.0,62.0,90.0,0.006550397117868165,2.5,TARGET_SAME_ACT_BAR,3.0,TARGET,4.0,TARGET,5.0,TARGET
EURUSD,2015-03-11T04:00:00+00:00,BEAR_FLAG,SHORT,1.06672,1.06904,23.200000000001,LOSS,0.0689655172413496,8.8275862068961,-1.275862068965494,6.0,16,16.0,21.0,21.0,22.0,23.0,25.0,53.0,0.1594827586206748,-1.0,SL,-1.0,SL,-1.0,SL,-1.0,SL
EURUSD,2015-03-11T09:15:00+00:00,BEAR_FLAG,SHORT,1.06191,1.0665619999999998,46.51999999999878,WIN,2.08082545141878,3.368443680137631,-1.388650042992326,109.0,2,4.0,32.0,33.0,74.0,224.0,,,-0.1913155631986416,2.5,TARGET,1.0,LOCK,1.0,LOCK,1.0,LOCK
EURUSD,2015-03-11T10:30:00+00:00,BEAR_FLAG,SHORT,1.05622,1.06254075,63.20749999999986,LOSS,0.0015820907328787,1.578926551437709,-1.9222402404778123,7.0,28,69.0,219.0,,,,,,,-1.0,SL,-1.0,SL,-1.0,SL,-1.0,SL
EURUSD,2015-08-20T00:00:00+00:00,BULL_FLAG,LONG,1.11396,1.11138,25.800000000000267,LOSS,0.3410852713178228,22.25968992248034,-1.25581395348841,31.0,37,38.0,45.0,57.0,57.0,58.0,80.0,106.0,0.4767441860464456,-1.0,SL,-1.0,SL,-1.0,SL,-1.0,SL
EURUSD,2015-08-20T10:45:00+00:00,BULL_FLAG,LONG,1.11766,1.11501275,26.47250000000101,WIN,2.519595806969383,20.296534139200222,-0.9330437246199264,,14,14.0,15.0,37.0,37.0,62.0,65.0,109.0,0.24931532722631325,2.5,TARGET_SAME_ACT_BAR,3.0,TARGET,4.0,TARGET,5.0,TARGET
EURUSD,2015-08-20T12:00:00+00:00,BULL_FLAG,LONG,1.11835,1.1164915000000002,18.58499999999763,LOSS,0.0645682001614933,28.539144471351484,-1.7002959375843176,2.0,9,9.0,10.0,32.0,32.0,32.0,57.0,58.0,-0.016142050040343456,-1.0,SL,-1.0,SL,-1.0,SL,-1.0,SL
EURUSD,2015-08-20T16:00:00+00:00,BULL_FLAG,LONG,1.12028,1.11882525,14.547499999999491,LOSS,0.7011514005843317,35.13318439594554,-1.347310534456113,7.0,1,15.0,16.0,16.0,16.0,36.0,42.0,42.0,0.7630177006359892,-1.0,SL,-1.0,SL,-1.0,SL,-1.0,SL
EURUSD,2015-08-24T02:30:00+00:00,BULL_PENNANT,LONG,1.14732,1.1420685,52.514999999999645,LOSS,0.4779586784728228,4.583452346948529,-6.042083214319724,14.0,22,36.0,41.0,42.0,42.0,42.0,42.0,,0.29896220127584155,-1.0,SL,-1.0,SL,-1.0,SL,-1.0,SL
EURUSD,2017-01-17T04:00:00+00:00,BULL_FLAG,LONG,1.06353,1.06133375,21.962500000001217,WIN,2.058053500284397,6.265224815025262,-2.0990324416618087,230.0,4,7.0,16.0,22.0,28.0,29.0,370.0,376.0,0.23676721684681848,2.5,TARGET,3.0,TARGET,1.0,LOCK,1.0,LOCK
EURUSD,2017-01-17T05:45:00+00:00,BULL_FLAG,LONG,1.06575,1.0638085000000002,19.414999999998184,WIN,2.3074942055114387,5.94385784187545,-3.5178985320631115,154.0,9,15.0,21.0,22.0,23.0,23.0,367.0,386.0,-0.005150656708764588,2.5,TARGET,3.0,TARGET,1.0,LOCK,1.0,LOCK
EURUSD,2017-01-23T03:00:00+00:00,BULL_FLAG,LONG,1.0748,1.0737035,10.964999999998335,LOSS,0.1732786137710362,2.453260373916958,-8.244414044687165,7.0,12,74.0,75.0,79.0,,,,,0.8663930688554109,-1.0,SL,-1.0,SL,-1.0,SL,-1.0,SL
EURUSD,2017-01-26T14:15:00+00:00,BEAR_FLAG,SHORT,1.06832,1.070856,25.360000000000937,LOSS,1.009463722397398,2.480283911671796,-5.741324921135485,95.0,6,9.0,183.0,184.0,,,,,,-1.0,SL,-1.0,SL,-1.0,SL,-1.0,SL
EURUSD,2017-01-26T15:45:00+00:00,BEAR_FLAG,SHORT,1.06712,1.06949425,23.74249999999911,LOSS,0.5728124670949052,2.143834895230169,-6.637885648099647,9.0,2,177.0,177.0,181.0,,,,,1.1793197851954262,-1.0,SL,-1.0,SL,-1.0,SL,-1.0,SL
EURUSD,2018-10-15T10:45:00+00:00,BULL_FLAG,LONG,1.15988,1.1583260000000002,15.539999999998331,LOSS,0.0257400257400542,1.4414414414416088,-10.66280566280679,4.0,105,105.0,,,,,,,,-1.0,SL,-1.0,SL,-1.0,SL,-1.0,SL
GBPUSD,2018-10-16T08:30:00+00:00,BULL_FLAG,LONG,1.32012,1.3177564999999998,23.63500000000185,LOSS,1.4808546646921028,1.4808546646921028,-11.186799238416734,34.0,7,8.0,,,,,,,,-1.0,SL,-1.0,SL,-1.0,SL,-1.0,SL
GBPUSD,2018-10-16T11:45:00+00:00,BULL_FLAG,LONG,1.32266,1.32119,14.699999999998605,LOSS,0.1292517006803759,0.6530612244899069,-19.71428571428759,3.0,5,,,,,,,,,-1.0,SL,-1.0,SL,-1.0,SL,-1.0,SL
EURUSD,2018-10-25T15:00:00+00:00,BEAR_FLAG,SHORT,1.13717,1.138783,16.129999999998645,WIN,2.2132672039679933,4.3211407315558255,-3.0502169869806393,98.0,10,75.0,79.0,82.0,363.0,375.0,389.0,,0.5455672659640078,1.0,LOCK,1.0,LOCK,1.0,LOCK,1.0,LOCK
EURUSD,2019-01-07T01:30:00+00:00,BULL_FLAG,LONG,1.14196,1.14034,16.199999999999548,WIN,2.0370370370370066,9.2654320987644,-0.5925925925925722,,10,25.0,30.0,47.0,50.0,50.0,244.0,244.0,0.5185185185184322,2.5,TARGET,3.0,TARGET,1.0,LOCK,1.0,LOCK
EURUSD,2019-01-07T13:15:00+00:00,BULL_FLAG,LONG,1.14517,1.14356125,16.087499999999366,WIN,2.0326340326340406,7.334887334887644,-1.833721833721911,58.0,3,3.0,19.0,44.0,197.0,197.0,197.0,199.0,0.11810411810406835,1.0,LOCK,1.0,LOCK,1.0,LOCK,1.0,LOCK
EURUSD,2019-01-07T18:00:00+00:00,BULL_FLAG,LONG,1.14797,1.14556575,24.042499999998856,LOSS,0.1954871581574265,3.743371113653134,-2.391598211500549,30.0,178,178.0,178.0,180.0,181.0,196.0,,,1.2436310699803226,-1.0,SL,-1.0,SL,-1.0,SL,-1.0,SL
EURUSD,2019-01-17T07:15:00+00:00,BEAR_FLAG,SHORT,1.1377,1.1399,21.9999999999998,LOSS,0.2409090909090565,1.8590909090908931,-1.5136363636364025,8.0,128,132.0,315.0,,,,,,,-1.0,SL,-1.0,SL,-1.0,SL,-1.0,SL
GBPUSD,2019-01-24T00:30:00+00:00,BULL_FLAG,LONG,1.30926,1.3075500000000002,17.099999999998783,LOSS,0.0701754385964365,7.286549707602808,-4.7134502923981,6.0,93,93.0,93.0,93.0,114.0,155.0,156.0,166.0,0.040935672514631274,-1.0,SL,-1.0,SL,-1.0,SL,-1.0,SL
GBPUSD,2019-01-24T23:30:00+00:00,BULL_FLAG,LONG,1.30801,1.3060465,19.63500000000007,WIN,2.4446142093201533,6.982429335371333,-1.3343519225872837,277.0,1,1.0,1.0,1.0,22.0,63.0,63.0,74.0,0.6722689075632058,1.0,LOCK,1.0,LOCK,1.0,LOCK,1.0,LOCK
EURUSD,2019-08-05T11:45:00+00:00,BULL_FLAG,LONG,1.11795,1.11585175,20.98249999999968,WIN,2.220898367687444,3.345645180507629,-0.8387942332896511,,9,18.0,20.0,44.0,45.0,47.0,,,0.6719885618967867,2.5,TARGET,3.0,TARGET,1.0,LOCK,1.0,LOCK
EURUSD,2019-08-05T23:00:00+00:00,BULL_FLAG,LONG,1.12309,1.1212000000000002,18.89999999999725,LOSS,0.9947089947091944,0.9947089947091943,-3.650793650794132,19.0,2,,,,,,,,,-1.0,SL,-1.0,SL,-1.0,SL,-1.0,SL
GBPUSD,2020-07-06T05:45:00+00:00,BULL_FLAG,LONG,1.24988,1.24902,8.60000000000083,LOSS,0.5813953488370892,19.802325581393298,-4.255813953487958,3.0,1,4.0,22.0,24.0,119.0,120.0,124.0,128.0,,-1.0,SL,-1.0,SL,-1.0,SL,-1.0,SL
GBPUSD,2020-07-09T06:00:00+00:00,BULL_FLAG,LONG,1.26384,1.262601,12.390000000002122,LOSS,1.1299435028245408,2.477804681194456,-12.808716707021935,7.0,3,4.0,15.0,15.0,,,,,,-1.0,SL,-1.0,SL,-1.0,SL,-1.0,SL
GBPUSD,2020-07-21T07:00:00+00:00,BULL_FLAG,LONG,1.27053,1.267665,28.64999999999896,LOSS,0.3699825479930539,6.942408376963591,-2.153577661431146,3.0,28,31.0,31.0,43.0,316.0,317.0,358.0,367.0,0.8446771378709169,-1.0,SL,-1.0,SL,-1.0,SL,-1.0,SL
GBPUSD,2020-07-21T17:30:00+00:00,BULL_FLAG,LONG,1.27555,1.27334225,22.077499999999528,LOSS,0.5616577963991196,8.923111765372198,-5.068508662665733,9.0,2,274.0,275.0,291.0,316.0,319.0,325.0,355.0,0.8153097044502603,-1.0,SL,-1.0,SL,-1.0,SL,-1.0,SL
GBPUSD,2020-07-27T02:30:00+00:00,BULL_PENNANT,LONG,1.28402,1.28208,19.399999999998307,LOSS,0.9381443298970688,16.99484536082631,-1.7319587628867643,13.0,1,31.0,33.0,48.0,49.0,49.0,141.0,145.0,0.05154639175257614,-1.0,SL,-1.0,SL,-1.0,SL,-1.0,SL
GBPUSD,2020-07-27T22:45:00+00:00,BULL_FLAG,LONG,1.28912,1.28792725,11.927499999999648,LOSS,0.0083839865856766,23.36617061412776,-4.4686648501364195,2.0,10,10.0,59.0,60.0,60.0,60.0,64.0,73.0,,-1.0,SL,-1.0,SL,-1.0,SL,-1.0,SL
GBPUSD,2020-07-28T15:45:00+00:00,BULL_PENNANT,LONG,1.29486,1.29136175,34.98249999999814,LOSS,0.1114843135854021,6.326020152934005,-1.057671692989355,39.0,63,84.0,105.0,173.0,181.0,183.0,204.0,225.0,-0.12863574644461184,-1.0,SL,-1.0,SL,-1.0,SL,-1.0,SL
GBPUSD,2020-07-29T12:45:00+00:00,BULL_FLAG,LONG,1.2979,1.2955375,23.62500000000045,LOSS,0.6730158730158519,8.080423280423148,-1.4772486772486462,9.0,2,21.0,88.0,92.0,97.0,99.0,113.0,127.0,,-1.0,SL,-1.0,SL,-1.0,SL,-1.0,SL
GBPUSD,2020-07-30T09:30:00+00:00,BULL_FLAG,LONG,1.30035,1.29729725,30.52749999999937,WIN,2.0145770207190976,5.870117107526173,-0.74031610842682,,8,14.0,16.0,20.0,31.0,44.0,58.0,106.0,0.868069773155383,1.0,LOCK,1.0,LOCK,1.0,LOCK,1.0,LOCK
GBPUSD,2020-07-30T18:45:00+00:00,BULL_FLAG,LONG,1.309,1.307143,18.56999999999997,WIN,2.477113624125022,5.142703284868165,-5.8750673128702156,101.0,7,18.0,20.0,21.0,29.0,69.0,77.0,445.0,0.9477652127086624,2.5,TARGET,1.0,LOCK,1.0,LOCK,1.0,LOCK
GBPUSD,2020-10-01T05:45:00+00:00,BULL_FLAG,LONG,1.29423,1.29337,8.599999999998609,LOSS,0.8953488372093744,7.523255813952735,-14.325581395347324,5.0,2,23.0,23.0,23.0,23.0,23.0,27.0,223.0,2.069767441860399,-1.0,SL,-1.0,SL,-1.0,SL,-1.0,SL
EURUSD,2021-05-03T04:15:00+00:00,BEAR_FLAG,SHORT,1.20181,1.20251,6.999999999999229,LOSS,0.7285714285715237,4.600000000000508,-22.68571428571663,10.0,7,109.0,109.0,114.0,115.0,202.0,203.0,,-0.5428571428572697,-1.0,SL,-1.0,SL,-1.0,SL,-1.0,SL
EURUSD,2021-05-04T08:45:00+00:00,BEAR_FLAG,SHORT,1.20032,1.20231,19.899999999999363,LOSS,0.2160804020101338,0.8693467336683742,-8.793969849246437,13.0,88,,,,,,,,,-1.0,SL,-1.0,SL,-1.0,SL,-1.0,SL
EURUSD,2021-05-05T06:45:00+00:00,BEAR_FLAG,SHORT,1.19996,1.2018399999999998,18.799999999998818,LOSS,0.7287234042552966,0.7287234042552966,-9.675531914894306,16.0,1,,,,,,,,,-1.0,SL,-1.0,SL,-1.0,SL,-1.0,SL
